공정코드,공정명,세부공정코드,세부공정명,품목코드,품목명,단위, 재료비, 노무비, 경비
A,공사준비,A01,공사준비,A01001,공사 동의서(공사 동의율 40% 기준),식,,,"  150,000 "
A,공사준비,A01,공사준비,A01002,공사 동의서(공사 동의율 60% 기준),식,,,"  250,000 "
A,공사준비,A01,공사준비,A01003,공사 동의서(공사 동의율 80% 기준),식,,,"  450,000 "
A,공사준비,A01,공사준비,A01004,"공사전,공사중 보양작업(타일,바닥,가구,공용 공간)50㎡ 이하",식,"  230,000 ",,
A,공사준비,A01,공사준비,A01005,"공사전,공사중 보양작업(타일,바닥,가구,공용 공간)전용면적기준",㎡,"  4,700 ",,
A,공사준비,A01,공사준비,A01006,"아파트 공용부위 추가보양 // 지하주차장, 세대층 ",식,"  850,000 ",,
A,공사준비,A01,공사준비,A01007,"부분 공사 공사전,공사중 보양작업",식,"  200,000 ",,
A,공사준비,A01,공사준비,A01008,"마루 재사용시 / 대리석, 폴리싱 타일 시공시 보양작업전용면적기준",㎡,"  5,700 ",,
A,공사준비,A01,공사준비,A01009,"사는집 부분 공사 가설공사(폴리베니아 + 목상가벽, 출입문)",식,"  1,100,000 ",,
A,공사준비,A01,공사준비,A01010,복층공사시 아시바 설치 // 대림아크로빌과 같은 원룸 복층,식,"  300,000 ",,
A,공사준비,A01,공사준비,A01011,복층공사시 아시바 설치 // 펜트하우스,식,"  1,900,000 ",,
A,공사준비,A01,공사준비,A01012,승강기 사용료,식,,,"  100,000 "
A,공사준비,A01,공사준비,A01013,승강기 사용료 // 사용날짜에 따라 계산,일, ,,
A,공사준비,A01,공사준비,A01014,"주차비 // 소비자 협의사항, 차후 정산",일, ,,
A,공사준비,A01,공사준비,A01999,기타(1),, ,,
A,공사준비,A99,기타공사준비,A99999,기타(2),, ,,
B,철거공사,B01,마루 철거,B01001,합판마루 바닥재 철거 (철거 면적 기준)10평 이하,식,"  295,000 ",,
B,철거공사,B01,마루 철거,B01002,합판마루 바닥재 철거 (철거 면적 기준)합판 마루,PY,"  29,500 ",,
B,철거공사,B01,마루 철거,B01003,합판마루 이중철거 // 철거후 확인가능합판 마루,PY,"  45,000 ",,
B,철거공사,B01,마루 철거,B01004,원목 마루 철거 (철거 면적 기준)10평 이하,식,"  360,000 ",,
B,철거공사,B01,마루 철거,B01005,원목 마루 철거 (철거 면적 기준)원목 마루,PY,"  36,000 ",,
B,철거공사,B01,마루 철거,B01006,강화 마루 철거 (철거 면적 기준)강화 마루,식,"  210,000 ",,
B,철거공사,B01,마루 철거,B01007,강화 마루 철거 (철거 면적 기준)강화 마루,PY,"  21,000 ",,
B,철거공사,B01,마루 철거,B01008,데코타일 철거 (철거 면적 기준)10평 이하,식,"  230,000 ",,
B,철거공사,B01,마루 철거,B01009,데코타일 철거 (철거 면적 기준),PY,"  23,000 ",,
B,철거공사,B01,마루 철거,B01010,한지 장판 샌딩 작업,개소,"  30,000 ",,
B,철거공사,B01,마루 철거,B01011,롤 장판 철거 (거실),개소,"  30,000 ",,
B,철거공사,B01,마루 철거,B01012,롤 장판 철거 (방),개소,"  20,000 ",,
B,철거공사,B01,마루 철거,B01013,종이장판 철거 후 샌딩10평 이하,식,"  200,000 ",,
B,철거공사,B01,마루 철거,B01014,종이장판 철거 후 샌딩,PY,"  20,000 ",,
B,철거공사,B01,마루 철거,B01015,"장판 시공시 / 마루본드, 데코타일본드 등 이물질 제거 바닥 샌딩10평 이하",PY,"  240,000 ",,
B,철거공사,B01,마루 철거,B01016,"장판 시공시 / 마루본드, 데코타일본드 등 이물질 제거 바닥 샌딩",PY,"  18,500 ",,
B,철거공사,B01,마루 철거,B01999,기타(1),,,,
B,철거공사,B02,타일/대리석철거,B02001,현관 바닥 타일 철거 // 타일 한겹만 철거시,㎡,"  35,000 ",,
B,철거공사,B02,타일/대리석철거,B02002,현관 바닥 타일 / 대리석 철거 // 사모레층까지 철거시,㎡,"  75,000 ",,
B,철거공사,B02,타일/대리석철거,B02003,현관장 하부 턱 철거,식,"  65,000 ",,
B,철거공사,B02,타일/대리석철거,B02004,바닥 대리석 철거,㎡,"  75,000 ",,
B,철거공사,B02,타일/대리석철거,B02005,거실 ,㎡,"  35,000 ",,
B,철거공사,B02,타일/대리석철거,B02006,거실 벽면 대리석 철거(대리석 기준),㎡,"  45,000 ",,
B,철거공사,B02,타일/대리석철거,B02007,발코니 타일 철거 // 들뜸 현상이나 고객님 요청 시,㎡,"  45,000 ",,
B,철거공사,B02,타일/대리석철거,B02008,주방 벽 타일 철거,㎡,"  25,000 ",,
B,철거공사,B02,타일/대리석철거,B02009,주방 벽 대리석 철거,㎡,"  50,000 ",,
B,철거공사,B02,타일/대리석철거,B02010,현관 바닥 대리석 철거,식,"  100,000 ",,
B,철거공사,B02,타일/대리석철거,B02011,주방 벽 타일 철거,식,"  35,000 ",,
B,철거공사,B02,타일/대리석철거,B02012,베란다 타일 철거,식,"  50,000 ",,
B,철거공사,B02,타일/대리석철거,B02999,기타(1),,,,
B,철거공사,B03,목공철거,B03001,문틀 / 도어 철거 (창고/발코니 분합문 포함),SET,"  45,000 ",,
B,철거공사,B03,목공철거,B03002,도어 철거 (문틀 재 사용 시),EA,"  25,000 ",,
B,철거공사,B03,목공철거,B03003,문턱 제거 (문턱 철거/문턱 미장 포함) // 방문에 해당,EA,"  40,000 ",,
B,철거공사,B03,목공철거,B03004,현관 중문 철거(여닫이 도어 기준),식,"  80,000 ",,
B,철거공사,B03,목공철거,B03005,현관 중문 철거(3연동/비대칭 여닫이/미서기 도어 중문),식,"  120,000 ",,
B,철거공사,B03,목공철거,B03006,거실 복도 수납장 철거 도어개수 기준,EA,"  25,000 ",,
B,철거공사,B03,목공철거,B03007,거실 아트월 철거(목공 알판 기준),식,"  230,000 ",,
B,철거공사,B03,목공철거,B03008,전체 천장몰딩 철거전용면적 기준,PY,"  6,000 ",,
B,철거공사,B03,목공철거,B03009,"전체 천장몰딩 철거(무몰딩, 마이너스 몰딩 철거 x)전용면적 기준",PY, ,,
B,철거공사,B03,목공철거,B03010,전체 걸레받이 철거마루면적 기준,PY,"  6,000 ",,
B,철거공사,B03,목공철거,B03011,매입 걸레받이 철거(미장 별도),PY,"  13,000 ",,
B,철거공사,B03,목공철거,B03012,전체 천장 철거 // 30평 이상전용면적 기준,PY,"  51,000 ",,
B,철거공사,B03,목공철거,B03013,전체 천장 철거 // 30평 이하전용면적 기준,PY,"  64,000 ",,
B,철거공사,B03,목공철거,B03014,전체 천장 석고보드만 철거 // 30평 이상전용면적 기준,PY,"  49,500 ",,
B,철거공사,B03,목공철거,B03015,전체 천장 석고보드만 철거 // 30평 이하전용면적 기준,PY,"  65,000 ",,
B,철거공사,B03,목공철거,B03016,우물 천장 철거(3.5M *3.5M 기준/각재 철거 포함),식,"  370,000 ",,
B,철거공사,B03,목공철거,B03017,갈바 우물 천장 철거(3.5M *3.5M 기준),식,"  480,000 ",,
B,철거공사,B03,목공철거,B03018,노출천장 몰딩박스 철거,식,"  60,000 ",,
B,철거공사,B03,목공철거,B03019,가벽 철거(목공 가벽),m,"  65,000 ",,
B,철거공사,B03,목공철거,B03020,"조적벽 철거(시멘트 벽돌,AC 블록) // 비내력벽",㎡,"  200,000 ",,
B,철거공사,B03,목공철거,B03021,옹벽 철거 (행위 허가 필수) // 내력벽,㎡,"  450,000 ",,
B,철거공사,B03,목공철거,B03022,거실 아트월 철거,식,"  200,000 ",,
B,철거공사,B03,목공철거,B03999,기타(1),,,,
B,철거공사,B04,주방철거,B04001,"주방 씽크대 철거('ㅡ'자 부엌, 'ㄱ'자 부엌 5M 이하)",식,"  150,000 ",,
B,철거공사,B04,주방철거,B04002,주방 씽크대 철거('ㄱ'자 부엌 5M 이상),식,"  180,000 ",,
B,철거공사,B04,주방철거,B04003,"주방 씽크대 철거('ㄷ' 'ㅁ'자, 병렬 부엌 12M 이하)",식,"  270,000 ",,
B,철거공사,B04,주방철거,B04004,"주방 씽크대 철거('ㄷ' 'ㅁ'자, 병렬 부엌 12M 이상)",식,"  380,000 ",,
B,철거공사,B04,주방철거,B04005,"식기세척기, 오븐 등 (후드 등)",EA,"  15,000 ",,
B,철거공사,B04,주방철거,B04006,주방 씽크대 철거,식,"  250,000 ",,
B,철거공사,B04,주방철거,B04999,기타(1),식,"  100,000 ",,
B,철거공사,B05,수납철거,B05001,현관장 철거도어개수 기준,EA,"  25,000 ",,
B,철거공사,B05,수납철거,B05002,여닫이 붙박이장 철거도어개수 기준,EA,"  25,000 ",,
B,철거공사,B05,수납철거,B05003,슬라이딩 붙박이장 철거도어개수 기준,EA,"  50,000 ",,
B,철거공사,B05,수납철거,B05004,"매입 붙박이장 철거 (좌,우 미장 상부 '목공' 철거 포함)",식,"  130,000 ",,
B,철거공사,B05,수납철거,B05005,"매입 붙박이장 철거 (좌,우,바닥 미장 상부 조적,AC블럭 철거 포함)",식,"  420,000 ",,
B,철거공사,B05,수납철거,B05006,안방 전실 시스템 드레스룸 철거,식,"  170,000 ",,
B,철거공사,B05,수납철거,B05999,기타(1),,,,
B,철거공사,B06,창호철거,B06001,"창호 철거_거실 분합창
(전체 철거가 아닌 1틀 철거 기준)",EA,"  130,000 ",,
B,철거공사,B06,창호철거,B06002,"창호 철거_작은방 분합창
(전체 철거가 아닌 1틀 철거 기준)",EA,"  110,000 ",,
B,철거공사,B06,창호철거,B06003,주택 발코니 철제문 철거,EA,"  180,000 ",,
B,철거공사,B06,창호철거,B06999,기타(1),,,,
B,철거공사,B07,욕실철거,B07001,"화장실 기구 + 천정 철거 
// 타일 덧방 시공기본철거",개소,"  230,000 ",,
B,철거공사,B07,욕실철거,B07002,"화장실 기구 + 천정 + 바닥 타일 철거 + 벽면 타일 제일 하단 1장 철거
// 타일 덧방 시공",개소,"  630,000 ",,
B,철거공사,B07,욕실철거,B07003,"안방소형욕실 기구 + 천정 + 바닥 타일 철거 + 벽면 타일 제일 하단 1장 철거
// 타일 덧방 시공",개소,"  520,000 ",,
B,철거공사,B07,욕실철거,B07004,"화장실 기구 + 천정 + 벽면 타일 한겹 철거
// 타일 덧방 시공",개소,"  630,000 ",,
B,철거공사,B07,욕실철거,B07005,"화장실 기구 + 천정 + 벽면 타일 한겹 + 바닥 타일 철거
// 벽면 타일 덧방 시공",개소,"  680,000 ",,
B,철거공사,B07,욕실철거,B07006,"화장실 전체철거 (기구, 천정, 벽/바닥타일 철거)
// 벽면 미장 별도전체철거",개소,"  650,000 ",,
B,철거공사,B07,욕실철거,B07007,"화장실 전체철거 (기구, 천정, 벽/바닥타일 철거)
// 벽면 미장 별도전체철거",개소,"  850,000 ",,
B,철거공사,B07,욕실철거,B07008,"화장실 전체철거 (기구, 천정, 벽면 타일 2겹 / 바닥타일 철거)
// 벽면 미장 별도전체철거",개소,"  1,300,000 ",,
B,철거공사,B07,욕실철거,B07009,"대형 화장실 철거 (월풀욕조,카운터 세면대 ,기구 천정) 
// 타일 덧방 시공기본철거",개소,"  680,000 ",,
B,철거공사,B07,욕실철거,B07010,"대형 화장실 철거 (월풀욕조, 카운터 세면대 ,기구, 천정, 벽/바닥 타일철거) 
// 벽면 미장 별도전체철거",개소,"  1,350,000 ",,
B,철거공사,B07,욕실철거,B07011,"대형 화장실 철거 (월풀욕조, 카운터 세면대 ,기구, 천정, 벽/바닥 타일철거) 
// 벽면 미장 별도전체철거",개소,"  2,800,000 ",,
B,철거공사,B07,욕실철거,B07012,"UBR 화장실 철거(설비,전기,미장,방수,조적 별도)전체철거",개소,"  980,000 ",,
B,철거공사,B07,욕실철거,B07013,"벽면 대리석 욕실 전체철거(도기,벽,바닥,천정)",개소,"  1,550,000 ",,
B,철거공사,B07,욕실철거,B07014,"화장실 전체철거 (기구, 천정, 벽/바닥타일 철거)
// 벽면 미장 별도",,"  950,000 ",,
B,철거공사,B07,욕실철거,B07999,기타(1),,,,
B,철거공사,B99,기타철거공사,B99001,"전체 조명, 건조대, 블라인드 철거",식,"  150,000 ",,
B,철거공사,B99,기타철거공사,B99002,에어컨 철거,개소,"  60,000 ",,
B,철거공사,B99,기타철거공사,B99003,계단 + 난간대 철거 // 복층 원룸,식,"  680,000 ",,
B,철거공사,B99,기타철거공사,B99004,발코니 화단 철거(철거 부위 방수 포함),식,"  670,000 ",,
B,철거공사,B99,기타철거공사,B99005,곰팡이 제거 // 3m 기준,개소,"  120,000 ",,
B,철거공사,B99,기타철거공사,B99006,도시가스 배관 철거현장 협의,식,"  150,000 ",,
B,철거공사,B99,기타철거공사,B99007,사다리차 사용 / 9층 이하 기준,시간,"  170,000 ",,
B,철거공사,B99,기타철거공사,B99008,사다리차 사용 / 10~19층 기준,시간,"  320,000 ",,
B,철거공사,B99,기타철거공사,B99009,폐자재 반출 (분리수거) (부분철거 기준)0.5 ton,차,"  170,000 ",,
B,철거공사,B99,기타철거공사,B99010,폐자재 반출 (분리수거) (기본철거 기준)1 ton,차,"  450,000 ",,
B,철거공사,B99,기타철거공사,B99011,폐자재 반출 (분리수거) (전체철거 기준)2.5 ton,차,"  850,000 ",,
B,철거공사,B99,기타철거공사,B99999,기타(2),,,,
C,확장공사,C01,확장공사,C01001,거실 확장 공사 (철거/난방/미장/전기/목공/단열재 공사 포함)26PY기준,식,"  2,500,000 ",,
C,확장공사,C01,확장공사,C01002,안방 확장 공사 (철거/난방/미장/전기/목공/단열재 공사 포함)26PY기준,식,"  2,100,000 ",,
C,확장공사,C01,확장공사,C01003,작은 1번방 확장 공사 (철거/난방/미장/전기/목공/단열재 공사 포함)26PY기준,식,"  1,800,000 ",,
C,확장공사,C01,확장공사,C01004,작은 2번방 확장 공사 (철거/난방/미장/전기/목공 /단열재공사 포함)26PY기준,식,"  1,800,000 ",,
C,확장공사,C01,확장공사,C01005,주방 발코니 확장 공사 (철거/난방/미장/전기/목공/단열재공사 포함)26PY기준,식,"  1,500,000 ",,
C,확장공사,C01,확장공사,C01006,현관 펜트리 확장 공사 (철거/난방 수정/미장/전기/목공/단열재공사 포함),식,"  2,500,000 ",,
C,확장공사,C01,확장공사,C01007,숨은 공간 공사 (철거/난방/미장/전기/목공/단열재공사/도배/바닥 포함)1평 기준,개소,"  4,700,000 ",,
C,확장공사,C01,확장공사,C01008,작은 숨은 공간 공사 (철거/미장/목공/단열재공사)깊이700 이하,개소,"  1,800,000 ",,
C,확장공사,C01,확장공사,C01009,확장부위 날개벽 철거,㎡,"  220,000 ",,
C,확장공사,C01,확장공사,C01010,확장부위 창하컷팅,㎡,"  280,000 ",,
C,확장공사,C01,확장공사,C01011,확장행위 허가 비용(구청 신고 필요시 12~15일 소요)/방화판 별도,식,"  500,000 ",,
C,확장공사,C01,확장공사,C01012,방화판 설치,개소,"  650,000 ",,
C,확장공사,C01,확장공사,C01999,기타(1),,,,
C,확장공사,C99,기타확장공사,C99999,기타(2),,,,
D,대리석공사,D01,대리석공사,D01001,"거실 아트월 시공 인건비/부자재 포함(국산, 중국산 타일)600X600",㎡,"  115,000 ",,
D,대리석공사,D01,대리석공사,D01002,"거실 아트월 시공(국산, 중국산 타일)600X1200",㎡,"  145,000 ",,
D,대리석공사,D01,대리석공사,D01003,화장실 문지방 대리석 교체 시공,개소,"  140,000 ",,
D,대리석공사,D01,대리석공사,D01004,화장실 젠다이 대리석 시공1200 기준,개소,"  140,000 ",,
D,대리석공사,D01,대리석공사,D01005,화장실 젠다이 대리석 시공2300기준,개소,"  230,000 ",,
D,대리석공사,D01,대리석공사,D01006,현관 벽면(타일/월플러스 판넬/M보드),㎡,"  115,000 ",,
D,대리석공사,D01,대리석공사,D01007,현관 디딤판 대리석 시공(1400*350기준),식,"  350,000 ",,
D,대리석공사,D01,대리석공사,D01008,현관 디딤판 대리석 시공(1800*600기준),식,"  450,000 ",,
D,대리석공사,D01,대리석공사,D01999,기타(1),,,,
D,대리석공사,D99,기타대리석공사,D99999,기타(2),,,,
E,설비공사,E01,수도 및 난방 교체 공사 // 바닥 난방 전체 철거시,E01001,바닥 미장 철거전용면적기준,PY,"  56,000 ",,
E,설비공사,E01,수도 및 난방 교체 공사 // 바닥 난방 전체 철거시,E01002,바닥 기포층 철거(기포층 8cm 기준) // 현장 확인 후 협의전용면적기준,PY,"  84,500 ",,
E,설비공사,E01,수도 및 난방 교체 공사 // 바닥 난방 전체 철거시,E01003,바닥 기포층 철거 후 압축 아이소핑크 시공 // 현장 확인 후 협의전용면적기준,PY,"  74,000 ",,
E,설비공사,E01,수도 및 난방 교체 공사 // 바닥 난방 전체 철거시,E01004,수도 배관 교체 공사(난방 전체 교체시)전용면적기준,PY,"  42,000 ",,
E,설비공사,E01,수도 및 난방 교체 공사 // 바닥 난방 전체 철거시,E01005,난방 배관 교체 공사(분배기 교체 포함)전용면적기준,PY,"  270,000 ",,
E,설비공사,E01,수도 및 난방 교체 공사 // 바닥 난방 전체 철거시,E01006,난방 메인관 이전 공사(개별 보일러는 필요X),식,"  450,000 ",,
E,설비공사,E01,수도 및 난방 교체 공사 // 바닥 난방 전체 철거시,E01999,기타(1),,,,
E,설비공사,E99,기타설비공사,E99001,"수도 배관 교체 공사(도배, 바닥재, 타일, 목공 보수 시공비 별도)전용면적기준",PY,"  102,000 ",,
E,설비공사,E99,기타설비공사,E99002,"주방 수도배관, PVC하수관 이전시공(아일랜드) 자재비 // 인건비 별도",개소,"  370,000 ",,
E,설비공사,E99,기타설비공사,E99003,주방 수도 단내림 공사,개소,"  120,000 ",,
E,설비공사,E99,기타설비공사,E99004,주방 수도 단내림 공사 // 강관,개소,"  180,000 ",,
E,설비공사,E99,기타설비공사,E99005,A/C 배관 매입 작업(PVC 20MM 드레인 포함),개소,"  530,000 ",,
E,설비공사,E99,기타설비공사,E99006,다용도실 세탁기 PVC 배관 수도 배관 신설 공사 자재비 // 인건비 별도,식,"  370,000 ",,
E,설비공사,E99,기타설비공사,E99007,화장실 수도 배관 이전 시공 자재비 // 인건비 별도,개소,"  120,000 ",,
E,설비공사,E99,기타설비공사,E99008,세면대 바닥배수 => 벽배수로 이전 시공 // 자재비 + 인건비,개소,"  150,000 ",,
E,설비공사,E99,기타설비공사,E99009,UBR욕실 철거 후 설비 작업 // 자재비 + 인건비 (방수별도),개소,"  870,000 ",,
E,설비공사,E99,기타설비공사,E99010,화장실 환풍기 코어작업+pvc 시공,개소,"  80,000 ",,
E,설비공사,E99,기타설비공사,E99011,난방 분배기 교체 (32PY 1개소 기준),개소,"  870,000 ",,
E,설비공사,E99,기타설비공사,E99012,난방 분배기 교체 (45PY 1개소 기준),개소,"  1,050,000 ",,
E,설비공사,E99,기타설비공사,E99013,난방 분배기 이전 시공(1.5m 이내) // 자재비 + 인건비,식,"  2,700,000 ",,
E,설비공사,E99,기타설비공사,E99014,욕실 라디에이터 철거 // 바닥 난방 연결 미포함,식,"  150,000 ",,
E,설비공사,E99,기타설비공사,E99015,거실/안방 화장실 바닥 난방 공사(라디에이터 철거 및 바닥 난방 연결)바닥전체 철거 기준 ,개소,"  450,000 ",,
E,설비공사,E99,기타설비공사,E99016,스프링클러 이동,개소,"  310,000 ",,
E,설비공사,E99,기타설비공사,E99017,보일러 구동기 설치,구,"  90,000 ",,
E,설비공사,E99,기타설비공사,E99018,기타설비공사 인건비,인,"  300,000 ",,
E,설비공사,E99,기타설비공사,E99019,세면대 바닥배수 => 벽배수로 이전 시공 ,,"  180,000 ",,
E,설비공사,E99,기타설비공사,E99999,기타(2),,,,
F,미장공사,F01,미장공사,F01001,"자재비(부분 미장 경우) // 몰딩 철거 부위, 샤시 철거 부위, 부분 수평몰탈",식,"  170,000 ",,
F,미장공사,F01,미장공사,F01002,부자재(부분 미장 경우),식,"  30,000 ",,
F,미장공사,F01,미장공사,F01003,발코니 단높임(부자재 포함),개소,"  380,000 ",,
F,미장공사,F01,미장공사,F01004,"UBR욕실 철거 후 조적, 미장, 방수 작업 // 자재비 + 인건비",개소,"  870,000 ",,
F,미장공사,F01,미장공사,F01005,화장실 타일 철거 후 미장 작업 // 자재비 + 인건비,개소,"  470,000 ",,
F,미장공사,F01,미장공사,F01006,미장공사 인건비,인,"  300,000 ",,
F,미장공사,F01,미장공사,F01999,기타(1),,,,
F,미장공사,F99,기타미장공사,F99999,기타(2),,,,
G,전기배선공사,G01,전기배선공사,G01001,전기 부분 배선 공사 자재비(조명 5개 이하),식,"  150,000 ",,
G,전기배선공사,G01,전기배선공사,G01002,전기 배선 공사 자재비(조명 5개 이상 10개 이하),식,"  250,000 ",,
G,전기배선공사,G01,전기배선공사,G01003,"전기 배선 공사 자재비(주방, 거실, 안방)26PY 기준",식,"  650,000 ",,
G,전기배선공사,G01,전기배선공사,G01004,매입등 신설 공사(등 배선 작업)_등기구 별도,EA,"  35,000 ",,
G,전기배선공사,G01,전기배선공사,G01005,현관장 하부 조명 배선 작업 (T5 자재비 + 시공비),EA,"  56,000 ",,
G,전기배선공사,G01,전기배선공사,G01006,스위치 분리/신설 작업,개소,"  120,000 ",,
G,전기배선공사,G01,전기배선공사,G01007,"옹벽 스위치, 콘센트 신설 (현장 확인/전압 테스트)",개소,"  120,000 ",,
G,전기배선공사,G01,전기배선공사,G01008,"조적벽 스위치, 콘센트 신설 (현장 확인/전압 테스트)",개소,"  80,000 ",,
G,전기배선공사,G01,전기배선공사,G01009,"석고벽 스위치, 콘센트 신설 (현장 확인/전압 테스트)",개소,"  45,000 ",,
G,전기배선공사,G01,전기배선공사,G01010,UBR욕실 철거 후 전기 작업 // 자재비 + 인건비,개소,"  210,000 ",,
G,전기배선공사,G01,전기배선공사,G01011,인터넷 신설(관리 사무실*입주인 사전 협의사항,식,"  380,000 ",,
G,전기배선공사,G01,전기배선공사,G01012,보일러 통신선 신설,개소,"  120,000 ",,
G,전기배선공사,G01,전기배선공사,G01013,인덕션 전용선 신설,식,"  250,000 ",,
G,전기배선공사,G01,전기배선공사,G01014,정수기 전용선 신설 // 파우셋 온수 사용시만 필요,식,"  250,000 ",,
G,전기배선공사,G01,전기배선공사,G01015,에어컨 전용선 신설,식,"  250,000 ",,
G,전기배선공사,G01,전기배선공사,G01016,워시타워 전용선 신설,식,"  250,000 ",,
G,전기배선공사,G01,전기배선공사,G01017,"배전반 교체(인덕션,시스템 A/C 설치시 필수)26PY 이하",SET,"  330,000 ",,
G,전기배선공사,G01,전기배선공사,G01018,"배전반 교체(인덕션,시스템 A/C 설치시 필수)27PY 이상",SET,"  450,000 ",,
G,전기배선공사,G01,전기배선공사,G01019,전기배선공사 자재비,,"  550,000 ",,
G,전기배선공사,G01,전기배선공사,G01020,전기배선공사 인건비,인,"  300,000 ",,
G,전기배선공사,G01,전기배선공사,G01999,기타(1),,,,
G,전기배선공사,G99,기타전기배선공사,G99999,기타(2),,,,
H,조명공사,H01,한샘조명패키지,H01001,한샘 조명 패키지 (수퍼슬림 | 모던 스위치/콘센트) // 자재비+인건비전용면적기준,PY,"  78,500 ",,
H,조명공사,H01,한샘조명패키지,H01002,한샘 조명 패키지 (스윙 | 모던 스위치/콘센트) // 자재비+인건비전용면적기준,PY,"  88,500 ",,
H,조명공사,H01,한샘조명패키지,H01003,한샘 조명 패키지 (스키니 | 모던 스위치/콘센트) // 자재비+인건비전용면적기준,PY,"  110,000 ",,
H,조명공사,H01,한샘조명패키지,H01004,(추가)한샘 조명 패키지 (스키니 | 모던 스위치/콘센트) // 자재비+인건비전용면적기준,PY,"  110,000 ",,
H,조명공사,H01,한샘조명패키지,H01999,기타(1),,,,
H,조명공사,H02,조명시공,H02001,보조간접_매립_다운라이트_3인치_CH한샘,EA,"  26,800 ",,
H,조명공사,H02,조명시공,H02002,실링팬팬앤코,EA,"  380,000 ",,
H,조명공사,H02,조명시공,H02003,보조간접_매립_다운라이트_2인치_CH한샘,EA,"  20,300 ",,
H,조명공사,H02,조명시공,H02004,보조간접_매립_다운라이트_3인치_보급형_CH한샘,EA,"  14,800 ",,
H,조명공사,H02,조명시공,H02005,보조간접_매립_다운라이트_3인치_보급형_컷오프_CH한샘,EA,"  14,800 ",,
H,조명공사,H02,조명시공,H02006,"보조간접_매립_MR16_2인치, 3인치한샘",EA,"  22,700 ",,
H,조명공사,H02,조명시공,H02007,보조간접_직부_원형_CH,,"  36,600 ",,
H,조명공사,H02,조명시공,H02008,메인_수퍼슬림_방등 (616 x 615 x 12 mm)한샘,EA,"  89,000 ",,
H,조명공사,H02,조명시공,H02009,메인_스윙엣지_방등 (615 x 615 x 27 mm)한샘,EA,"  110,100 ",,
H,조명공사,H02,조명시공,H02010,메인_스키니_방등_CH (620 x 620 x 27 mm)한샘,EA,"  150,100 ",,
H,조명공사,H02,조명시공,H02011,메인_수퍼슬림_주방등_대한샘,EA,"  89,000 ",,
H,조명공사,H02,조명시공,H02012,메인_수퍼슬림_주방등_특대한샘,EA,"  91,000 ",,
H,조명공사,H02,조명시공,H02013,메인_스키니_주방등_대_CH한샘,EA,"  153,600 ",,
H,조명공사,H02,조명시공,H02014,메인_스키니_주방등_특대_CH한샘,EA,"  159,600 ",,
H,조명공사,H02,조명시공,H02015,라인조명 자재비,M,"  78,000 ",,
H,조명공사,H02,조명시공,H02016,라인조명 시공인건비,인,"  250,000 ",,
H,조명공사,H02,조명시공,H02017,T5 조명 자재비,EA,"  15,200 ",,
H,조명공사,H02,조명시공,H02999,기타(1),, ,,
H,조명공사,H03,스위치콘센트시공,H03001,"전체 스위치, 콘센트 교체 (자재비+인건비)
// 한샘한샘",PY,"  23,000 ",,
H,조명공사,H03,스위치콘센트시공,H03002,"전체 스위치, 콘센트 교체 자재비 (자재비+인건비)
// 르그랑 아펠라 화이트(기본형)사재",PY,"  21,500 ",,
H,조명공사,H03,스위치콘센트시공,H03003,"전체 스위치, 콘센트 교체 자재비 (자재비+인건비)
// 르그랑 아펠라 컬러(실버, 마그네슘, 블랙)사재",PY,"  27,500 ",,
H,조명공사,H03,스위치콘센트시공,H03004,"전체 스위치, 콘센트 교체 자재비 (자재비+인건비)
// 르그랑 아테오 화이트 스위치 + 아펠라 콘센트사재",PY,"  33,500 ",,
H,조명공사,H03,스위치콘센트시공,H03005,"전체 스위치, 콘센트 교체 자재비 (자재비+인건비)
// 르그랑 아테오 컬러 스위치 + 아펠라 콘센트사재",PY,"  36,500 ",,
H,조명공사,H03,스위치콘센트시공,H03006,"전체 스위치, 콘센트 교체 자재비 (자재비+인건비)
// 르그랑 아테오 화이트 원형 스위치 + 아펠라 콘센트사재",PY,"  36,500 ",,
H,조명공사,H03,스위치콘센트시공,H03007,"전체 스위치, 콘센트 교체 자재비 (자재비+인건비)
// 르그랑 아테오 컬러 원형 스위치 + 아펠라 콘센트사재",PY,"  40,500 ",,
H,조명공사,H03,스위치콘센트시공,H03008,"전체 스위치, 콘센트 교체 자재비 (자재비+인건비)
// 르그랑 아테오 화이트사재",PY,"  81,000 ",,
H,조명공사,H03,스위치콘센트시공,H03009,"전체 스위치, 콘센트 교체 자재비 (자재비+인건비)
// 르그랑 아테오 컬러사재",PY,"  112,000 ",,
H,조명공사,H03,스위치콘센트시공,H03010,"26평 공용부 융 스위치, 콘센트 교체 자재비(인건비 별도)
// 듀로 플라스틱 화이트 기준융",식,"  700,000 ",,
H,조명공사,H03,스위치콘센트시공,H03011,"26평 공용부 융 스위치, 콘센트 교체 자재비(인건비 별도)
// 듀로 플라스틱 매트화이트 기준융",식,"  1,000,000 ",,
H,조명공사,H03,스위치콘센트시공,H03012,"26평 공용부 융 스위치, 콘센트 교체 자재비(인건비 별도)
// LS 메탈 알루미늄, 스탠리스 스틸 기준융",식,"  1,300,000 ",,
H,조명공사,H03,스위치콘센트시공,H03013,"융 스위치, 콘센트 시공인건비",평,"  20,000 ",,
H,조명공사,H03,스위치콘센트시공,H03014,조명 시공인건비,인,"  300,000 ",,
H,조명공사,H03,스위치콘센트시공,H03999,기타(1),, ,,
H,조명공사,H99,기타조명공사,H99999,기타(2),, ,,
I,샤시공사,I01,샤시공사,I01001,"샷시 공사 (방충망 포함, 철거, 양중비 포함) //필름래핑 별도 // 올창기준26mmX1",PY,"  510,000 ",,
I,샤시공사,I01,샤시공사,I01002,"샷시 공사 (방충망 포함, 철거, 양중비 포함) //필름래핑 별도 // 반창기준26mmX1",PY,"  380,000 ",,
I,샤시공사,I01,샤시공사,I01003,거실 외부 샤시 교체26mmX1,SET,  - ,,
I,샤시공사,I01,샤시공사,I01004,거실 분합 샤시 교체26mmX1,SET,  - ,,
I,샤시공사,I01,샤시공사,I01005,안방 외부 샤시 교체26mmX1,SET,  - ,,
I,샤시공사,I01,샤시공사,I01006,안방 분합 샤시 교체26mmX1,SET,  - ,,
I,샤시공사,I01,샤시공사,I01007,작은방 샤시 교체22mmX2,SET,  - ,,
I,샤시공사,I01,샤시공사,I01008,입구방 샤시 교체22mmX2,SET,  - ,,
I,샤시공사,I01,샤시공사,I01009,주방 씽크대앞 샤시 교체26mmX1,SET,  - ,,
I,샤시공사,I01,샤시공사,I01010,주방 베란다 샤시 교체22mmX1,SET,  - ,,
I,샤시공사,I01,샤시공사,I01011,라운드창 교체22mmX1,SET,  - ,,
I,샤시공사,I01,샤시공사,I01012,공틀 시공(단창 분합창만 해당),SET,  - ,,
I,샤시공사,I01,샤시공사,I01013,"발코니 터닝도어 시공(샤시 전체 시공 기준/ 투명,미스트 유리)",SET,"  813,080 ",,
I,샤시공사,I01,샤시공사,I01014,난간데스리 교체,M,"  230,000 ",,
I,샤시공사,I01,샤시공사,I01015,샤시 내부 필름 시공,자평,"  1,500 ",,
I,샤시공사,I01,샤시공사,I01016,방충망갈이(프레임재사용)900*2300기준,개소,"  90,000 ",,
I,샤시공사,I01,샤시공사,I01017,방충망갈이(프레임재사용)900*1200기준,개소,"  75,000 ",,
I,샤시공사,I01,샤시공사,I01018,하이가드 시공900*2300기준,개소,"  500,000 ",,
I,샤시공사,I01,샤시공사,I01019,하이가드 시공900*1200기준,개소,"  300,000 ",,
I,샤시공사,I01,샤시공사,I01020,폴딩도어 시공(500~550),짝,"  550,000 ",,
I,샤시공사,I01,샤시공사,I01021,샤시 손잡이 교체 大,EA,"  93,500 ",,
I,샤시공사,I01,샤시공사,I01022,샤시 손잡이 교체 中,EA,"  82,500 ",,
I,샤시공사,I01,샤시공사,I01023,방범창 시공(알류미늄 기준)1300 기준,개소,"  136,000 ",,
I,샤시공사,I01,샤시공사,I01024,방범창 시공(스텐 기준)1300 기준,개소,"  210,000 ",,
I,샤시공사,I01,샤시공사,I01025,샤시 철거비PVC 4틀 이상,식,"  450,000 ",,
I,샤시공사,I01,샤시공사,I01026,샤시 철거비PVC 3틀 이하,식,"  250,000 ",,
I,샤시공사,I01,샤시공사,I01027,샤시 철거비(PVC 창*목재창 3틀 이상 기준)목재창 3틀이상,식,"  550,000 ",,
I,샤시공사,I01,샤시공사,I01028,샤시 자재 양중 사다리차 /9층 이하 기준.,회,"  150,000 ",,
I,샤시공사,I01,샤시공사,I01029,샤시 자재 양중 사다리차 /9층 이상 기준.,회,"  270,000 ",,
I,샤시공사,I01,샤시공사,I01030,스카이차 양중 /9층 이하 기준.,회,"  180,000 ",,
I,샤시공사,I01,샤시공사,I01031,크레인 양중5층 이하,회,"  450,000 ",,
I,샤시공사,I01,샤시공사,I01032,크레인 양중6층~10층,회,"  750,000 ",,
I,샤시공사,I01,샤시공사,I01033,크레인 양중11층 이상,회,"  1,100,000 ",,
I,샤시공사,I01,샤시공사,I01034,유압 윈치 양중,회,"  700,000 ",,
I,샤시공사,I01,샤시공사,I01035,샤시 기본 물류비,식,"  150,000 ",,
I,샤시공사,I01,샤시공사,I01036,샤시 최저 시공비,식,"  250,000 ",,
I,샤시공사,I01,샤시공사,I01999,기타(1),, ,,
I,샤시공사,I99,기타샤시공사,I99999,기타(2),, ,,
J,문틀도어중문공사,J01,문틀도어중문공사,J01001,문틀 교체(고무 가스켓 타입 발주)발포문틀,EA,"  270,000 ",,
J,문틀도어중문공사,J01,문틀도어중문공사,J01002,문선 몰딩 / 임방 교체,EA,"  74,000 ",,
J,문틀도어중문공사,J01,문틀도어중문공사,J01003,한샘 라인 문틀 시공,EA,"  380,000 ",,
J,문틀도어중문공사,J01,문틀도어중문공사,J01004,일반 도어 교체ABS도어,EA,"  248,000 ",,
J,문틀도어중문공사,J01,문틀도어중문공사,J01005,한샘 잡 철물 (손잡이/경첩/스토퍼),SET,"  48,000 ",,
J,문틀도어중문공사,J01,문틀도어중문공사,J01006,히든도어 문틀+도어 교체 // 미는문 기준,SET,"  750,000 ",,
J,문틀도어중문공사,J01,문틀도어중문공사,J01007,히든도어 문틀+도어 교체 // 당기는문 기준(발코니 터닝도어 앞),SET,"  1,450,000 ",,
J,문틀도어중문공사,J01,문틀도어중문공사,J01008,모티스락 (손잡이/경첩/스토퍼)*국산기준,SET,"  180,000 ",,
J,문틀도어중문공사,J01,문틀도어중문공사,J01009,노출 행거 도어 시공 (행거레일 포함) / (문틀 별도),SET,"  450,000 ",,
J,문틀도어중문공사,J01,문틀도어중문공사,J01010,포켓도어 시공 (포켓 도어 부속/목공 포함),SET,"  1,350,000 ",,
J,문틀도어중문공사,J01,문틀도어중문공사,J01011,안전경첩,EA,"  138,000 ",,
J,문틀도어중문공사,J01,문틀도어중문공사,J01012,3연동중문 라이트형 (유리종류 선택 필요)한샘,SET,"  980,000 ",,
J,문틀도어중문공사,J01,문틀도어중문공사,J01013,3연동중문 초슬림형 (유리종류 선택 필요)한샘,SET,"  1,310,000 ",,
J,문틀도어중문공사,J01,문틀도어중문공사,J01014,3연동중문 슬림소프트형 (유리종류 선택 필요)한샘,SET,"  1,410,000 ",,
J,문틀도어중문공사,J01,문틀도어중문공사,J01015,프리미엄 슬라이딩 도어,SET,"  1,598,000 ",,
J,문틀도어중문공사,J01,문틀도어중문공사,J01999,기타(1),, ,,
J,문틀도어중문공사,J99,기타문틀도어중문공사,J99999,기타(2),, ,,
K,목공공사,K01,목공공사,K01001,전체 천장몰딩 교체(PVC 2계단 몰딩 화이트)전용면적기준,PY,"  18,000 ",,
K,목공공사,K01,목공공사,K01002,천정 석고보드 1p 덧방 시공 금지,,  - ,,
K,목공공사,K01,목공공사,K01003,"전체철거 후 각재 및 석고보드 1p / 마이너스 몰딩 시공 (자재비+시공비)
// 천장 도배 마감시전용면적기준",PY,"  280,000 ",,
K,목공공사,K01,목공공사,K01004,"전체철거 후 각재 및 석고보드 2p / 마이너스 몰딩 시공 (자재비+시공비)
// 천장 도장 마감시전용면적기준",PY,"  375,000 ",,
K,목공공사,K01,목공공사,K01005,무몰딩 시공시 목공 전용면적기준,PY,"  22,500 ",,
K,목공공사,K01,목공공사,K01006,"액자 레일 시공2,000x1",EA,"  50,000 ",,
K,목공공사,K01,목공공사,K01007,거실 중천 공사(등기구 별도) // 기존 중천에 날개 시공,식,"  480,000 ",,
K,목공공사,K01,목공공사,K01008,거실 중천 공사(등기구 별도) // 완전 철거 후 재시공,식,"  780,000 ",,
K,목공공사,K01,목공공사,K01009,천정 평탄화 작업(3.5M*3.5M기준),개소,"  350,000 ",,
K,목공공사,K01,목공공사,K01010,라인조명 목공틀 제작 (등기구 별도),M,"  85,000 ",,
K,목공공사,K01,목공공사,K01011,에어컨 일자간접 등박스 시공 (등기구 별도),개소,"  480,000 ",,
K,목공공사,K01,목공공사,K01012,"에어컨 등박스 시공 안하고 타공 & 보강
 // 천장 위로 에어컨 높이 나올 경우",개소,"  250,000 ",,
K,목공공사,K01,목공공사,K01013,커텐박스 간접 조명 박스 제작 // 철거비 + 자재비,개소,"  350,000 ",,
K,목공공사,K01,목공공사,K01014,커텐박스 확장,개소,"  350,000 ",,
K,목공공사,K01,목공공사,K01015,가벽 시공 // 높이 2.3M 기준,M,"  210,000 ",,
K,목공공사,K01,목공공사,K01016,현관 파티션 시공(유리포함) // 5mm 일반 유리 기준,SET,"  808,000 ",,
K,목공공사,K01,목공공사,K01017,아트월 철거부위 석고보드 시공 // 전체공사시,M,"  85,000 ",,
K,목공공사,K01,목공공사,K01018,"현관, 아트월 mdf 알판 자재비",m,"  85,000 ",,
K,목공공사,K01,목공공사,K01019,월플러스 판넬 시공 (자재비+시공비)한샘,㎡,"  110,000 ",,
K,목공공사,K01,목공공사,K01020,주방 상부장 뒤 간접조명 박스 제작,식,"  250,000 ",,
K,목공공사,K01,목공공사,K01021,웨인스 코팅 목공,㎡,"  120,000 ",,
K,목공공사,K01,목공공사,K01022,(히든도어)거실 벽면 석고 2p /문틀 옆 고밀도 MDF 목공작업,㎡,"  114,000 ",,
K,목공공사,K01,목공공사,K01023,벽면 평탄화 작업 // 석고 떡가베 // 전체공사시 (목공팀),M,"  85,000 ",,
K,목공공사,K01,목공공사,K01024,벽면 석고보드 취부 (경량시공팀 이용시)900*2400*12T,M,"  29,500 ",,
K,목공공사,K01,목공공사,K01025,아치게이트 시공,개소,"  240,000 ",,
K,목공공사,K01,목공공사,K01026,공틀장 목공틀 시공,개소,"  170,000 ",,
K,목공공사,K01,목공공사,K01027,터닝도어/폴딩도어 목공틀 시공 자재비,개소,"  130,000 ",,
K,목공공사,K01,목공공사,K01028,외벽 단열재(E보드 23t 기준) // w3000 기준,개소,"  250,000 ",,
K,목공공사,K01,목공공사,K01029,외벽 단열재(목공단열재),m,"  170,000 ",,
K,목공공사,K01,목공공사,K01030,조명 철거 부위 천정 평탄화 작업,개소,"  250,000 ",,
K,목공공사,K01,목공공사,K01031,주방 타일 철거부위 석고보드 시공,m,"  95,000 ",,
K,목공공사,K01,목공공사,K01032,거실 아트월 철거부위 석고보드 시공,m,"  95,000 ",,
K,목공공사,K01,목공공사,K01033,외벽 단열재(E보드 23t 기준) // w3000 기준,개소,"  300,000 ",,
K,목공공사,K01,목공공사,K01034,목수 인건비,인,"  350,000 ",,
K,목공공사,K01,목공공사,K01999,기타(1),, ,,
K,목공공사,K99,기타목공공사,K99999,기타(2),, ,,
L,필름공사,L01,필름공사,L01001,샤시 필름 시공(큰 창문)  /// 자재비*부자재*시공 인건비 포함.단창 단면기준,틀,"  350,000 ",,
L,필름공사,L01,필름공사,L01002,샤시 필름 시공(큰 창문)  이중창 단면기준,틀,"  630,000 ",,
L,필름공사,L01,필름공사,L01003,샤시 필름 시공(작은 창문)단창 단면기준,틀,"  250,000 ",,
L,필름공사,L01,필름공사,L01004,샤시 필름 시공(작은 창문)이중창 단면기준,틀,"  450,000 ",,
L,필름공사,L01,필름공사,L01005,도어 필름 시공(1개소 일때),개소,"  310,000 ",,
L,필름공사,L01,필름공사,L01006,도어 필름 시공(2개소 이상),개소,"  195,000 ",,
L,필름공사,L01,필름공사,L01007,"문틀/문선,임방 필름 시공",개소,"  195,000 ",,
L,필름공사,L01,필름공사,L01008,"부분 가구 필름 시공(현관장1.5M기준 273,000원)",㎡,"  47,000 ",,
L,필름공사,L01,필름공사,L01009,천정몰딩 필름 시공비 전용면적기준,PY,"  17,000 ",,
L,필름공사,L01,필름공사,L01010,필름공사 걸레받이 시공비전용면적기준,PY,"  17,000 ",,
L,필름공사,L01,필름공사,L01011,전체필름 시공비전용면적기준,PY,"  240,000 ",,
L,필름공사,L01,필름공사,L01012,현관 방화문,식,"  225,000 ",,
L,필름공사,L01,필름공사,L01013,현관 방화문 (필름공정없이 방화문만 시공시),식,"  335,000 ",,
L,필름공사,L01,필름공사,L01014,"현관장,붙박이장 도어 시공비",짝,"  48,000 ",,
L,필름공사,L01,필름공사,L01015,한샘밀란 인테리어 필름 25M,롤,"  226,000 ",,
L,필름공사,L01,필름공사,L01016,"한샘유로 인테리어 필름 25M // B900, B901",롤,"  313,700 ",,
L,필름공사,L01,필름공사,L01017,한샘밀란 인테리어 필름 10M,롤,"  129,200 ",,
L,필름공사,L01,필름공사,L01018,필름공사 시공 인건비,인,"  300,000 ",,
L,필름공사,L01,필름공사,L01019,필름공사 최소시공비(시공비 25만원 미만일때),인,"  300,000 ",,
L,필름공사,L01,필름공사,L01020,"샤시 전체 실리콘 시공(자재비, 시공 인건비 포함)전용면적기준",PY,"  11,500 ",,
L,필름공사,L01,필름공사,L01999,기타(1),, ,,
L,필름공사,L99,기타필름공사,L99999,기타(2),, ,,
M,도장공사,M01,도장공사,M01001,"전체 문틀,도어,몰딩 친환경 도장 공사 (수입 페인트) 
// 가구, 발코니, 등박스, 천정칠 별도",PY,"  115,000 ",,
M,도장공사,M01,도장공사,M01002,"전체 문틀,도어,몰딩 친환경 도장 공사 (국산 페인트) 
// 가구, 발코니, 등박스, 천정칠 별도",PY,"  85,000 ",,
M,도장공사,M01,도장공사,M01003,천정 등박스 칠,식,"  280,000 ",,
M,도장공사,M01,도장공사,M01004,웨인스 코팅 친환경 도장마감,㎡,"  250,000 ",,
M,도장공사,M01,도장공사,M01005,발코니 e보드 단열재 시공시 퍼티작업,개소,"  50,000 ",,
M,도장공사,M01,도장공사,M01006,발코니 세라믹/탄성 코트 시공(상담후 결로 여부에 따라 협의사항)1개소 기준,개소,"  400,000 ",,
M,도장공사,M01,도장공사,M01007,발코니 세라믹/탄성 코트 시공(상담후 결로 여부에 따라 협의사항)1개소 기준,개소,"  380,000 ",,
M,도장공사,M01,도장공사,M01008,발코니 세라믹/탄성 코트 시공(상담후 결로 여부에 따라 협의사항)2개소 기준,개소,"  300,000 ",,
M,도장공사,M01,도장공사,M01009,발코니 세라믹/탄성 코트 시공(상담후 결로 여부에 따라 협의사항)3개소 이상,개소,"  270,000 ",,
M,도장공사,M01,도장공사,M01010,(히든도어)거실 전체 벽면 / 히든도어 친환경 도장작업 자재비,㎡,"  47,000 ",,
M,도장공사,M01,도장공사,M01011,(히든도어)거실 전체 벽면 / 히든도어 친환경 도장작업 부자재비,㎡,"  12,000 ",,
M,도장공사,M01,도장공사,M01012,(히든도어)거실 전체 벽면 / 히든도어 친환경 도장작업 인건비,㎡,"  88,600 ",,
M,도장공사,M01,도장공사,M01013,(히든도어)거실 전체 벽면 / 히든도어 친환경 도장작업 ,㎡,"  148,900 ",,
M,도장공사,M01,도장공사,M01014,현관 방화문 도장,식,"  350,000 ",,
M,도장공사,M01,도장공사,M01015,"자재비 (60평 기본 공사시) / 문틀, 도어, 몰딩, 거실, 주방, 천정 칠",식,"  3,850,000 ",,
M,도장공사,M01,도장공사,M01016,"부자재비 (60평 기본 공사시) / 문틀, 도어, 몰딩, 거실, 주방, 천정 칠",식,"  420,000 ",,
M,도장공사,M01,도장공사,M01017,"시공인건비 (60평 기본 공사시) / 문틀, 도어, 몰딩, 거실, 주방, 천정 칠",인,"  280,000 ",,
M,도장공사,M01,도장공사,M01999,기타(1),, ,,
M,도장공사,M99,기타도장공사,M99999,기타(2),, ,,
N,타일공사,N01,타일공사,N01001,"현관 바닥 타일 시공 (자재비,부재재,인건비/걸레받이 시공 포함) //습식기준600x600",㎡,"  115,000 ",,
N,타일공사,N01,타일공사,N01002,"현관 바닥 타일 시공 (자재비,부재재,인건비/걸레받이 시공 포함) //습식기준600x1200",㎡,"  145,000 ",,
N,타일공사,N01,타일공사,N01003,"현관 바닥 타일 시공 (자재비,부재재,인건비/걸레받이 시공 포함) //습식기준 / 이태리수입타일600x600",㎡,"  175,000 ",,
N,타일공사,N01,타일공사,N01004,"주방 씽크대 앞 벽 타일 시공 (자재비,부재재,인건비/걸레받이 시공 포함) // 도기질덧방300x600",㎡,"  85,000 ",,
N,타일공사,N01,타일공사,N01005,"주방 씽크대 앞 벽 타일 시공 (자재비,부재재,인건비/걸레받이 시공 포함)600x600",㎡,"  115,000 ",,
N,타일공사,N01,타일공사,N01006,"주방 씽크대 앞 벽 타일 시공 (자재비,부재재,인건비/걸레받이 시공 포함)800x800",㎡,"  135,000 ",,
N,타일공사,N01,타일공사,N01007,"주방 씽크대 앞 벽 타일 시공 800x800 (자재비,부재재,인건비/걸레받이 시공 포함)800x800",㎡,"  145,000 ",,
N,타일공사,N01,타일공사,N01008,"주방 씽크대 앞 벽 타일 시공 600x1200 (자재비,부재재,인건비/걸레받이 시공 포함)600x1200",㎡,"  145,000 ",,
N,타일공사,N01,타일공사,N01009,"주방 씽크대 앞 벽 타일 시공 (자재비,부재재,인건비/걸레받이 시공 포함)모자이크 타일",㎡,"  185,000 ",,
N,타일공사,N01,타일공사,N01010,"거실 / 안방 발코니 바닥 타일 시공 (자재비,부재재,인건비/걸레받이 시공 포함) 300X300",㎡,"  75,000 ",,
N,타일공사,N01,타일공사,N01011,"거실 발코니 바닥 타일 시공 (자재비,부재재,인건비/걸레받이 시공 포함)600x600",㎡,"  115,000 ",,
N,타일공사,N01,타일공사,N01012,"안방 발코니 바닥 타일 시공 (자재비,부재재,인건비/걸레받이 시공 포함) 300X300",㎡,"  75,000 ",,
N,타일공사,N01,타일공사,N01013,"주방 발코니 바닥 타일 시공 (자재비,부재재,인건비/걸레받이 시공 포함) 300X300",㎡,"  75,000 ",,
N,타일공사,N01,타일공사,N01014,"작은방 발코니 바닥 타일 시공 (자재비,부재재,인건비/걸레받이 시공 포함) 300X300",㎡,"  75,000 ",,
N,타일공사,N01,타일공사,N01015,"발코니 바닥 타일 시공 (자재비,부재재,인건비/걸레받이 시공 포함) 쪽타일",㎡,"  95,000 ",,
N,타일공사,N01,타일공사,N01016,"세탁실 발코니 바닥 타일 시공 (자재비,부재재,인건비/걸레받이 시공 포함)300X300",㎡,"  95,000 ",,
N,타일공사,N01,타일공사,N01017,"거실 / 주방 바닥 폴리싱 시공 (자재비,부재재,인건비 포함) 600x600",㎡,"  115,000 ",,
N,타일공사,N01,타일공사,N01018,"거실 / 주방 바닥 폴리싱 시공 (자재비,부재재,인건비 포함) 600X1200",㎡,"  145,000 ",,
N,타일공사,N01,타일공사,N01019,박판타일 자재 양중 사다리차,식,"  450,000 ",,
N,타일공사,N01,타일공사,N01020,타일공사 아덱스 메지 시공,㎡,"  2,500 ",,
N,타일공사,N01,타일공사,N01021,졸리컷팅 시공 시 코너부위 테낙스 시공,개소,"  170,000 ",,
N,타일공사,N01,타일공사,N01022,"타일공사 타일, 부자재 양중 및 물류비",㎡,"  4,300 ",,
N,타일공사,N01,타일공사,N01023,타일공사 최소시공 인건비,인,"  350,000 ",,
N,타일공사,N01,타일공사,N01024,타일공사 졸리컷팅 시공 인건비,인,"  350,000 ",,
N,타일공사,N01,타일공사,N01999,기타(1),, ,,
N,타일공사,N99,기타타일공사,N99999,기타(2),, ,,
O,화장실공사,O01,타일시공,O01001,방수공사(전체 철거 기준) (1500*2300 욕실 기준),개소,"  560,000 ",,
O,화장실공사,O01,타일시공,O01002,방수공사(전체 철거 기준),개소,"  450,000 ",,
O,화장실공사,O01,타일시공,O01003,방수공사(대형욕실 전체 철거 기준),개소,"  650,000 ",,
O,화장실공사,O01,타일시공,O01004,방수공사(안방 욕조 철거 기준),개소,"  150,000 ",,
O,화장실공사,O01,타일시공,O01005,방수공사(욕조 철거 기준),개소,"  230,000 ",,
O,화장실공사,O01,타일시공,O01006,방수공사 부분 설비공사(PVC 부분 /샤워기높이 확인),개소,"  60,000 ",,
O,화장실공사,O01,타일시공,O01007,"방수공사 부분 설비공사(오수관 하수관, 벽트랩 pvc 높이 연장)",개소,"  80,000 ",,
O,화장실공사,O01,타일시공,O01099,방수공사기타,, ,,
O,화장실공사,O01,타일시공,O01101,도기질 타일 덧방 시공(기본철거시) 벽 타일(도기질)300X600,㎡,"  28,000 ",,
O,화장실공사,O01,타일시공,O01102,도기질 타일 덧방 시공(기본철거시) 바닥 타일(자기질)300X300,㎡,"  28,000 ",,
O,화장실공사,O01,타일시공,O01103,도기질 타일 덧방 시공(기본철거시) 벽 타일 부자재 드라이픽스 or 에폭시300X600,㎡,"  15,000 ",,
O,화장실공사,O01,타일시공,O01104,도기질 타일 덧방 시공(기본철거시) 바닥 타일 부자재(도기질 압착시멘트 기준)300X300,㎡,"  15,000 ",,
O,화장실공사,O01,타일시공,O01105,"도기질 타일 덧방 시공(기본철거시) 벽, 바닥 타일 시공 인건비(덧방 기준)300X600",㎡,"  32,000 ",,
O,화장실공사,O01,타일시공,O01106,"도기질 타일 덧방 시공(기본철거시) 타일, 부자재 양중 및 물류비300X600",㎡,"  4,300 ",,
O,화장실공사,O01,타일시공,O01199,도기질 타일 덧방 시공(기본철거시)기타,, ,,
O,화장실공사,O01,타일시공,O01201,도기질 타일 떠붙임 시공(전체철거시) 벽 타일(도기질)300X600,㎡,"  28,000 ",,
O,화장실공사,O01,타일시공,O01202,도기질 타일 떠붙임 시공(전체철거시) 바닥 타일(자기질)300X300,㎡,"  28,000 ",,
O,화장실공사,O01,타일시공,O01203,도기질 타일 떠붙임 시공(전체철거시) 부자재_몰탈작업300X600,㎡,"  15,000 ",,
O,화장실공사,O01,타일시공,O01204,도기질 타일 떠붙임 시공(전체철거시) 인건비300X600,㎡,"  32,000 ",,
O,화장실공사,O01,타일시공,O01205,"도기질 타일 떠붙임 시공 타일, 부자재 양중 및 물류비300X600",㎡,"  4,300 ",,
O,화장실공사,O01,타일시공,O01299,도기질 타일 떠붙임 시공(전체철거시)기타,, ,,
O,화장실공사,O01,타일시공,O01301,도기질 벽 타일(도기질)300X600,㎡,"  28,000 ",,
O,화장실공사,O01,타일시공,O01302,도기질 바닥 타일(자기질)300X300,㎡,"  28,000 ",,
O,화장실공사,O01,타일시공,O01303,도기질 벽 타일 부자재(도기질 덧방 기준)_드라이픽스 or 에폭시300X600,㎡,"  15,000 ",,
O,화장실공사,O01,타일시공,O01304,도기질 바닥 타일 부자재(도기질 떠붙임 기준)_몰탈작업300X600,㎡,"  15,000 ",,
O,화장실공사,O01,타일시공,O01305,도기질 벽 타일 시공 인건비(덧방 기준)300X600,㎡,"  32,000 ",,
O,화장실공사,O01,타일시공,O01306,도기질 바닥 타일 시공 인건비(떠붙임 기준)300X600,㎡,"  32,000 ",,
O,화장실공사,O01,타일시공,O01307,"도기질 벽 타일, 부자재 양중 및 물류비(바닥만 철거시)300X600",㎡,"  4,300 ",,
O,화장실공사,O01,타일시공,O01399,도기질 벽 기타,, ,,
O,화장실공사,O01,타일시공,O01401,포세린 타일 에폭시 시공 벽 타일(포세린 컷팅타일)300X600,㎡,"  41,000 ",,
O,화장실공사,O01,타일시공,O01402,포세린 타일 에폭시 시공 벽 타일(포세린 컷팅타일)600X600,㎡,"  48,000 ",,
O,화장실공사,O01,타일시공,O01403,포세린 타일 에폭시 시공 벽 타일(포세린 컷팅타일)600X1200,㎡,"  58,000 ",,
O,화장실공사,O01,타일시공,O01404,포세린 타일 에폭시 시공 바닥 타일(포세린 컷팅타일)300X600,㎡,"  41,000 ",,
O,화장실공사,O01,타일시공,O01405,포세린 타일 에폭시 시공 바닥 타일(포세린 컷팅타일) => 트렌치유가시공 필수600X600,㎡,"  48,000 ",,
O,화장실공사,O01,타일시공,O01406,포세린 타일 에폭시 시공 바닥 타일(포세린 컷팅타일) => 트렌치유가시공 필수600X1200,㎡,"  58,000 ",,
O,화장실공사,O01,타일시공,O01407,포세린 타일 에폭시 시공 바닥 타일(포세린 컷팅타일) => 트렌치유가시공 필수600X600,㎡,"  41,000 ",,
O,화장실공사,O01,타일시공,O01408,포세린 타일 에폭시 시공 타일 부자재(포세린 컷팅타일 기준)_에폭시600X600,㎡,"  17,000 ",,
O,화장실공사,O01,타일시공,O01409,포세린 타일 에폭시 시공 타일 부자재(포세린 컷팅타일 기준)_에폭시 300X600300X600,㎡,"  15,000 ",,
O,화장실공사,O01,타일시공,O01410,포세린 타일 에폭시 시공 타일 부자재(포세린 컷팅타일 기준)_에폭시 600X1200600X1200,㎡,"  15,000 ",,
O,화장실공사,O01,타일시공,O01411,포세린 타일 에폭시 시공 타일 시공 인건비(에폭시 기준)300X600,㎡,"  45,000 ",,
O,화장실공사,O01,타일시공,O01412,포세린 타일 에폭시 시공 타일 시공 인건비(에폭시 기준)600X600,㎡,"  48,000 ",,
O,화장실공사,O01,타일시공,O01413,포세린 타일 에폭시 시공 타일 시공인건비(에폭시 기준)600X1200,㎡,"  50,000 ",,
O,화장실공사,O01,타일시공,O01414,포세린 타일 에폭시 시공 졸리컷팅 시공 인건비,인,"  350,000 ",,
O,화장실공사,O01,타일시공,O01415,포세린 타일 에폭시 시공 트렌치유가 시공(냄새차단용)도무스,개소,"  150,000 ",,
O,화장실공사,O01,타일시공,O01416,포세린 타일 에폭시 시공 트렌치유가 시공(냄새차단용)도무스,개소,"  250,000 ",,
O,화장실공사,O01,타일시공,O01417,포세린 타일 에폭시 시공 아덱스 메지 시공,㎡,"  2,000 ",,
O,화장실공사,O01,타일시공,O01418,포세린 타일 에폭시 시공 젠다이 졸리컷팅 코너 부위 레진 마감,개소,"  250,000 ",,
O,화장실공사,O01,타일시공,O01419,"포세린 타일 에폭시 시공 타일, 부자재 양중 및 물류비",㎡,"  4,300 ",,
O,화장실공사,O01,타일시공,O01499,포세린 타일 에폭시 시공 기타,, ,,
O,화장실공사,O01,타일시공,O01501,수입 타일 떠붙임 시공 벽 타일(포세린 컷팅타일)600X1200,㎡,"  85,000 ",,
O,화장실공사,O01,타일시공,O01502,수입 타일 떠붙임 시공 바닥 타일(포세린 컷팅타일) => 트렌치유가시공 필수600X1200,㎡,"  85,000 ",,
O,화장실공사,O01,타일시공,O01503,수입 타일 떠붙임 시공 타일 부자재(포세린 컷팅타일 기준)_에폭시600X1200,㎡,"  15,000 ",,
O,화장실공사,O01,타일시공,O01504,수입 타일 떠붙임 시공 졸리컷팅 시공 인건비,인,"  350,000 ",,
O,화장실공사,O01,타일시공,O01505,수입 타일 떠붙임 시공 트렌치유가 시공(냄새차단용)도무스,개소,"  150,000 ",,
O,화장실공사,O01,타일시공,O01506,수입 타일 떠붙임 시공 트렌치유가 시공(냄새차단용)도무스,개소,"  250,000 ",,
O,화장실공사,O01,타일시공,O01507,수입 타일 떠붙임 시공 아덱스 메지 시공,㎡,"  2,000 ",,
O,화장실공사,O01,타일시공,O01508,수입 타일 떠붙임 시공 젠다이 졸리컷팅 코너 부위 레진 마감,개소,"  250,000 ",,
O,화장실공사,O01,타일시공,O01509,"수입 타일 떠붙임 시공 타일, 부자재 양중 및 물류비",㎡,"  4,300 ",,
O,화장실공사,O01,타일시공,O01599,수입 타일 떠붙임 시공 기타,, ,,
O,화장실공사,O01,타일시공,O01601,젠다이 / 욕조 세면대앞 젠다이 시공(냉/온수/하수배관/조적)H:950~980,개소,"  550,000 ",,
O,화장실공사,O01,타일시공,O01602,젠다이 / 욕조 세면대앞 롱 젠다이 시공(냉/온수/하수배관/조적)H:950~980,개소,"  750,000 ",,
O,화장실공사,O01,타일시공,O01603,젠다이 / 욕조 젠다이 졸리컷팅 시공,인,"  350,000 ",,
O,화장실공사,O01,타일시공,O01604,젠다이 / 욕조 젠다이 졸리컷팅 코너 부위 레진 마감,개소,"  250,000 ",,
O,화장실공사,O01,타일시공,O01605,젠다이 / 욕조 젠다이 대리석 시공 // W 1400 미만 기준,개소,"  140,000 ",,
O,화장실공사,O01,타일시공,O01606,젠다이 / 욕조 젠다이 대리석 시공 // W 1400 이상 기준,개소,"  230,000 ",,
O,화장실공사,O01,타일시공,O01607,"젠다이 / 욕조 조적 파티션 시공 // 800*2300 기준
(조적, 타일 자재비, 인건비, 졸리컷팅 인건비 포함)",개소,"  1,350,000 ",,
O,화장실공사,O01,타일시공,O01608,"젠다이 / 욕조 타일욕조 시공 
// w800*d1600*h460 기준(욕조내경 최소 550~600 확보)
(조적, 방수, 타일 자재비, 부자재비, 인건비, 졸리컷팅 인건비, 테낙스메지  포함)",개소,"  2,300,000 ",,
O,화장실공사,O01,타일시공,O01609,젠다이 / 욕조 욕조 (일반 욕조/조적/욕조옆타일/부자재/시공비포함),SET,"  800,000 ",,
O,화장실공사,O01,타일시공,O01610,젠다이 / 욕조 욕조 (일반 욕조/조적/욕조옆ㄷ자대리석/부자재/시공비포함),SET,"  1,150,000 ",,
O,화장실공사,O01,타일시공,O01611,"젠다이 / 욕조 일반 욕조 시공 인건비(부자재,시공 인건비 )",SET,"  480,000 ",,
O,화장실공사,O01,타일시공,O01699,젠다이 / 욕조 기타,, ,,
O,화장실공사,O01,타일시공,O01999,기타(1),, ,,
O,화장실공사,O02,도기시공,O02001,"거실 화장실 거실 한샘바스 추천형 시공(슬라이딩장, 일자선반)덧방시공",SET,"  4,500,000 ",,
O,화장실공사,O02,도기시공,O02002,"거실 화장실 안방 한샘바스 기본형 시공(슬라이딩장, 일자선반)덧방시공",SET,"  4,000,000 ",,
O,화장실공사,O02,도기시공,O02099,거실 화장실 기타,, ,,
O,화장실공사,O02,도기시공,O02101,양변기(투피스 9500)한샘,SET,"  233,400 ",,
O,화장실공사,O02,도기시공,O02102,양변기(원피스 8000)한샘,SET,"  321,900 ",,
O,화장실공사,O02,도기시공,O02103,양변기 AMS 웨이브R 투피스양변기 SET아메리칸스탠다드,SET,"  347,700 ",,
O,화장실공사,O02,도기시공,O02104,양변기 AMS 웨이브R 원피스양변기 SET아메리칸스탠다드,,"  518,800 ",,
O,화장실공사,O02,도기시공,O02105,양변기 AMS 웨이브S 투피스양변기 SET아메리칸스탠다드,SET,"  398,500 ",,
O,화장실공사,O02,도기시공,O02106,AMS 플랫 비데일체형 양변기 SET아메리칸스탠다드,SET,"  1,224,300 ",,
O,화장실공사,O02,도기시공,O02199,양변기 기타,, ,,
O,화장실공사,O02,도기시공,O02201,"세면대 안방 카운터 세면대(천연대리석 제작 시공) // 각파이프 제작 포함
로얄 / 아메리칸스탠다드 세면대 기준w1600 기준",SET,"  1,850,000 ",,
O,화장실공사,O02,도기시공,O02202,"세면대 안방 카운터 세면대(천연대리석 제작 시공) // 각파이프 제작 포함
로얄 / 아메리칸스탠다드 세면대 기준w1000 기준",SET,"  1,250,000 ",,
O,화장실공사,O02,도기시공,O02203,"세면대 카운터 세면대(천연대리석 제작/ 맞춤하부장 시공)
로얄 / 아메리칸스탠다드 세면대 기준w1600 기준",SET,"  2,800,000 ",,
O,화장실공사,O02,도기시공,O02204,"세면대 카운터 세면대(천연대리석 제작/ 맞춤하부장 시공)
로얄 / 아메리칸스탠다드 세면대 기준w1000 기준",SET,"  1,650,000 ",,
O,화장실공사,O02,도기시공,O02205,세면대 AMS 플랫 라운드 반다리 일체형 세면기 SET아메리칸스탠다드,SET,"  354,700 ",,
O,화장실공사,O02,도기시공,O02206,세면대 AMS 플랫 반다리 일체형 세면기 SET아메리칸스탠다드,SET,"  360,100 ",,
O,화장실공사,O02,도기시공,O02207,세면대 EURO3 글램모던 수건걸이형 세면기 SET한샘,SET,"  258,300 ",,
O,화장실공사,O02,도기시공,O02208,세면대 기타,,,,
O,화장실공사,O02,도기시공,O02301,샤워수전 레인샤워수전 시스템 KB5030(화이트)한샘,EA,"  211,200 ",,
O,화장실공사,O02,도기시공,O02302,샤워수전 레인샤워수전 HS1623한샘,EA,"  318,100 ",,
O,화장실공사,O02,도기시공,O02303,샤워수전 AMS 린치핀S 레인샤워_FB5751_샤워한샘,EA,"  464,300 ",,
O,화장실공사,O02,도기시공,O02304,샤워수전 욕조/샤워수전 TN0120한샘,EA,"  99,000 ",,
O,화장실공사,O02,도기시공,O02305,샤워수전 욕조/샤워수전 KB730 블랙한샘,EA,"  146,100 ",,
O,화장실공사,O02,도기시공,O02306,샤워수전 겸용수전 TN0111한샘,EA,"  80,700 ",,
O,화장실공사,O02,도기시공,O02307,샤워수전 겸용세면수전 313V한샘,EA,"  120,100 ",,
O,화장실공사,O02,도기시공,O02399,샤워수전 기타,,,,
O,화장실공사,O02,도기시공,O02401,세면수전 TN0110한샘,EA,"  59,000 ",,
O,화장실공사,O02,도기시공,O02402,세면수전 HY S0950한샘,EA,"  58,700 ",,
O,화장실공사,O02,도기시공,O02403,세면수전 KLO730블랙한샘,EA,"  102,300 ",,
O,화장실공사,O02,도기시공,O02404,세면수전 HY S1050한샘,EA,"  54,400 ",,
O,화장실공사,O02,도기시공,O02499,세면수전 기타,, ,,
O,화장실공사,O02,도기시공,O02501,거울 MILAN7 프레임우드 타원형 거울조명한샘,EA,"  297,900 ",,
O,화장실공사,O02,도기시공,O02502,거울 뮤트 원형 LED 조명거울_4000K한샘,EA,"  159,000 ",,
O,화장실공사,O02,도기시공,O02503,거울 뮤트 사각 LED 조명거울_4000K한샘,EA,"  163,900 ",,
O,화장실공사,O02,도기시공,O02504,거울 EURO5 베일화이트 베벨 거울 600한샘,EA,"  253,000 ",,
O,화장실공사,O02,도기시공,O02505,거울 EURO5 베일화이트 베벨 거울 960한샘,EA,"  313,100 ",,
O,화장실공사,O02,도기시공,O02506,거울 EURO3 갤러리 반원형 LED조명거울_4000K한샘,EA,"  365,600 ",,
O,화장실공사,O02,도기시공,O02507,거울 프렌치 클래식(500*800)한샘,EA,"  115,000 ",,
O,화장실공사,O02,도기시공,O02508,"거울 AL 프레임(실버,600*800)한샘",EA,"  65,600 ",,
O,화장실공사,O02,도기시공,O02509,거울 MILAN5 페블내추럴 거울 원형 (Φ700)한샘,EA,"  106,600 ",,
O,화장실공사,O02,도기시공,O02510,거울 EURO5 매트오크 비정형 거울조명 (소)한샘,EA,"  240,200 ",,
O,화장실공사,O02,도기시공,O02511,거울 MILAN3 스칸디블랙 타원형 거울(400*800)한샘,EA,"  122,200 ",,
O,화장실공사,O02,도기시공,O02512,거울 LED 사각조명거울 W1600*H700_4000K한샘,EA,"  471,600 ",,
O,화장실공사,O02,도기시공,O02513,거울 LED 사각조명거울 W1400*H700_4000K한샘,EA,"  429,600 ",,
O,화장실공사,O02,도기시공,O02514,거울 LED 사각조명거울 W1200*H600_4000K한샘,EA,"  402,900 ",,
O,화장실공사,O02,도기시공,O02515,거울 LED 사각조명거울 W700*H800_4000K한샘,EA,"  352,700 ",,
O,화장실공사,O02,도기시공,O02516,거울 MILAN3 오슬로 아치거울 (800*800)한샘,EA,"  110,100 ",,
O,화장실공사,O02,도기시공,O02517,거울 조명 거울(사재) (600*600 원형거울 기준)사재,EA,"  180,000 ",,
O,화장실공사,O02,도기시공,O02518,거울 조명 거울 전기 작업,EA,"  30,000 ",,
O,화장실공사,O02,도기시공,O02599,거울 기타,, ,,
O,화장실공사,O02,도기시공,O02601,상부장 댐핑 슬라이딩장 그레이SET (1200*650)한샘,EA,"  327,700 ",,
O,화장실공사,O02,도기시공,O02602,상부장 댐핑 슬라이딩장 그레이SET (1200*800)한샘,EA,"  366,700 ",,
O,화장실공사,O02,도기시공,O02603,상부장 댐핑 슬라이딩장 그레이SET (1300*650)한샘,EA,"  337,500 ",,
O,화장실공사,O02,도기시공,O02604,상부장 댐핑 슬라이딩장 그레이SET (1300*800)한샘,EA,"  379,400 ",,
O,화장실공사,O02,도기시공,O02605,상부장 댐핑 슬라이딩장 그레이SET (1400*650)한샘,EA,"  349,800 ",,
O,화장실공사,O02,도기시공,O02606,상부장 댐핑 슬라이딩장 그레이SET (1400*800)한샘,EA,"  393,700 ",,
O,화장실공사,O02,도기시공,O02607,상부장 댐핑 슬라이딩장 그레이SET (1500*650)한샘,EA,"  359,400 ",,
O,화장실공사,O02,도기시공,O02608,상부장 댐핑 슬라이딩장 그레이SET (1500*800)한샘,EA,"  409,700 ",,
O,화장실공사,O02,도기시공,O02609,상부장 (L)뮤트 화이트 상부장 SET (400*800)한샘,EA,"  193,300 ",,
O,화장실공사,O02,도기시공,O02610,상부장 뮤트 화이트 상부장SET (600*800)한샘,EA,"  249,600 ",,
O,화장실공사,O02,도기시공,O02611,상부장 (L)매그놀리아 상부장 SET (450*500)한샘,EA,"  172,400 ",,
O,화장실공사,O02,도기시공,O02612,상부장 매그놀리아 상부장 SET (450*800)한샘,EA,"  230,600 ",,
O,화장실공사,O02,도기시공,O02613,상부장 (L)세레네 차콜 상부장 SET (450*500)한샘,EA,"  184,000 ",,
O,화장실공사,O02,도기시공,O02614,상부장 (L)세레네 차콜 상부장 SET (450*800)한샘,EA,"  249,200 ",,
O,화장실공사,O02,도기시공,O02615,상부장 MILAN1 마이티 은경 슬라이딩장SET(1200*650)한샘,EA,"  153,500 ",,
O,화장실공사,O02,도기시공,O02616,상부장 슬라이딩장 은경 러스틱오크 SET(1200*650)한샘,EA,"  396,500 ",,
O,화장실공사,O02,도기시공,O02617,상부장 은경 플랩장 그레이850*500 SET한샘,EA,"  223,500 ",,
O,화장실공사,O02,도기시공,O02618,상부장 은경 플랩장 그레이650*500 SET한샘,EA,"  198,600 ",,
O,화장실공사,O02,도기시공,O02619,상부장 거울 플랩장 매그놀리아850*500 SET한샘,EA,"  223,100 ",,
O,화장실공사,O02,도기시공,O02620,상부장 거울 플랩장 매그놀리아950*500 SET한샘,EA,"  249,800 ",,
O,화장실공사,O02,도기시공,O02621,상부장 거울 플랩장 매그놀리아1050*500 SET한샘,EA,"  281,200 ",,
O,화장실공사,O02,도기시공,O02622,상부장 거울 플랩장 매그놀리아1150*500 SET한샘,EA,"  295,800 ",,
O,화장실공사,O02,도기시공,O02623,상부장 거울 여닫이장 매그놀리아SET (400*500)한샘,EA,"  151,400 ",,
O,화장실공사,O02,도기시공,O02624,상부장 거울 여닫이장 매그놀리아SET (450*500)한샘,EA,"  167,300 ",,
O,화장실공사,O02,도기시공,O02625,상부장 거울 플랩장 그레이650*500 SET한샘,EA,"  198,600 ",,
O,화장실공사,O02,도기시공,O02626,상부장 거울 플랩장 그레이850*500 SET한샘,EA,"  223,500 ",,
O,화장실공사,O02,도기시공,O02627,상부장 거울 플랩장 그레이950*500 SET한샘,EA,"  249,800 ",,
O,화장실공사,O02,도기시공,O02628,상부장 거울 플랩장 그레이1050*500 SET한샘,EA,"  281,400 ",,
O,화장실공사,O02,도기시공,O02629,상부장 거울 플랩장 그레이1150*500 SET한샘,EA,"  295,900 ",,
O,화장실공사,O02,도기시공,O02630,상부장 거울 여닫이장 그레이SET (400*800)한샘,EA,"  195,800 ",,
O,화장실공사,O02,도기시공,O02631,상부장 거울 여닫이장 그레이SET (450*800)한샘,EA,"  202,600 ",,
O,화장실공사,O02,도기시공,O02632,상부장 거울 여닫이장 그레이SET (450*500)한샘,EA,"  166,500 ",,
O,화장실공사,O02,도기시공,O02633,상부장 거울 여닫이장 그레이SET (600*800)한샘,EA,"  295,600 ",,
O,화장실공사,O02,도기시공,O02634,상부장 MILAN7 프레임우드 상부장 SET한샘,EA,"  285,100 ",,
O,화장실공사,O02,도기시공,O02635,상부장 MILAN3 낭트 플랩장 오크 SET (1200*500)한샘,EA,"  244,900 ",,
O,화장실공사,O02,도기시공,O02636,상부장 은경 슬라이딩 850 선반형 오크 SET한샘,EA,"  288,900 ",,
O,화장실공사,O02,도기시공,O02637,상부장 은경 상부장(500*150*800)한샘,EA,"  201,400 ",,
O,화장실공사,O02,도기시공,O02638,상부장 MILAN1 마이티 2도어 상부장SET(600*650)한샘,EA,"  108,900 ",,
O,화장실공사,O02,도기시공,O02639,상부장 MILAN3 오슬로 원도어 상부장 SET (400*800)한샘,EA,"  136,700 ",,
O,화장실공사,O02,도기시공,O02640,상부장 MILAN3 스칸디블랙 플랩 상부장 SET한샘,EA,"  162,500 ",,
O,화장실공사,O02,도기시공,O02641,상부장 은경 슬라이딩 850 선반형 블랙 SET한샘,EA,"  288,900 ",,
O,화장실공사,O02,도기시공,O02642,상부장 MILAN5 모노시티 상부장 SET한샘,EA,"  278,400 ",,
O,화장실공사,O02,도기시공,O02643,상부장 MILAN5 뉴트럴 브라운 월넛 상부장 SET한샘,EA,"  298,500 ",,
O,화장실공사,O02,도기시공,O02644,상부장 MILAN5 뉴트럴 브라운 솔리드 상부장 SET한샘,EA,"  298,500 ",,
O,화장실공사,O02,도기시공,O02645,"상부장 댐핑 슬라이딩장 은경 (노체,1200*800)한샘",EA,"  319,500 ",,
O,화장실공사,O02,도기시공,O02646,상부장 MILAN5 페블내추럴 상부장 SET한샘,EA,"  257,700 ",,
O,화장실공사,O02,도기시공,O02647,상부장 은경 여닫이장 그레이SET (400*800)한샘,EA,"  195,800 ",,
O,화장실공사,O02,도기시공,O02648,상부장 은경 여닫이장 그레이SET (450*800)한샘,EA,"  202,600 ",,
O,화장실공사,O02,도기시공,O02649,상부장 은경 여닫이장 그레이SET (450*500)한샘,EA,"  166,500 ",,
O,화장실공사,O02,도기시공,O02650,상부장 EURO5 베일화이트 새틴WH 상부장 SET(400*170*800)한샘,EA,"  235,800 ",,
O,화장실공사,O02,도기시공,O02651,상부장 EURO5 베일화이트 새틴WH 상부장 SET(600*170*800)한샘,EA,"  373,800 ",,
O,화장실공사,O02,도기시공,O02652,상부장 EURO3 아티골드 300 상부장 SET(300*171*800)한샘,EA,"  212,400 ",,
O,화장실공사,O02,도기시공,O02653,상부장 EURO3 아티골드 600 상부장 SET(600*171*800)한샘,EA,"  445,700 ",,
O,화장실공사,O02,도기시공,O02654,상부장 EURO3 아티골드 300 오픈상부장 SET한샘,EA,"  161,200 ",,
O,화장실공사,O02,도기시공,O02655,상부장 (400)EURO5 매트오크 상부장 SET한샘,EA,"  214,700 ",,
O,화장실공사,O02,도기시공,O02656,상부장 (550)EURO5 매트오크 상부장 SET한샘,EA,"  446,900 ",,
O,화장실공사,O02,도기시공,O02657,상부장 EURO3 LED 삼면경 상부장 1200 SET한샘,EA,"  570,600 ",,
O,화장실공사,O02,도기시공,O02658,상부장 프렌치 클래식2 상부장(550*170*800)한샘,EA,"  470,300 ",,
O,화장실공사,O02,도기시공,O02699,상부장 기타,, ,,
O,화장실공사,O02,도기시공,O02701,"악세사리 ACC 3품 SP5000 SET // 수건걸이, 휴지걸이, 슬라이딩바한샘",SET,"  110,700 ",,
O,화장실공사,O02,도기시공,O02702,"악세사리 ACC 3품 니켈무광 SET // 수건걸이, 휴지걸이, 슬라이딩바한샘",SET,"  158,600 ",,
O,화장실공사,O02,도기시공,O02703,악세사리 INNO2 코팅유리 코너선반한샘,EA,"  27,400 ",,
O,화장실공사,O02,도기시공,O02704,악세사리 BMC 코너선반한샘,EA,"  23,600 ",,
O,화장실공사,O02,도기시공,O02705,악세사리 ACC STS 코너선반_니켈 무광한샘,EA,"  57,600 ",,
O,화장실공사,O02,도기시공,O02706,악세사리 사각 청소솔한샘,EA,"  42,000 ",,
O,화장실공사,O02,도기시공,O02707,악세사리 INNO 인조대리석 선반(1200*100)한샘,EA,"  79,100 ",,
O,화장실공사,O02,도기시공,O02708,악세사리 INNO 인조대리석 선반(600*100)한샘,EA,"  44,000 ",,
O,화장실공사,O02,도기시공,O02709,악세사리 MILAN5 카라라화이트 MMA 선반(1200*115)한샘,EA,"  101,300 ",,
O,화장실공사,O02,도기시공,O02710,악세사리 EURO5 MMA CRYSTAL 선반 (1200*120)한샘,EA,"  88,900 ",,
O,화장실공사,O02,도기시공,O02711,악세사리 방우형 콘센트박스_그레이 (2구/덮개有)한샘,EA,"  16,500 ",,
O,화장실공사,O02,도기시공,O02712,악세사리 욕실 방우형 콘센트 2구_덮개有_화이트한샘,EA,"  4,400 ",,
O,화장실공사,O02,도기시공,O02713,악세사리 ACC 수건선반 HS 1016(470*215)한샘,EA,"  36,200 ",,
O,화장실공사,O02,도기시공,O02714,악세사리 ACC 수건선반 HS 1090한샘,EA,"  53,400 ",,
O,화장실공사,O02,도기시공,O02715,악세사리 안방 화장실 천정 공사 (w1600*d2800 기준)평돔 시공,개소,"  480,000 ",,
O,화장실공사,O02,도기시공,O02716,악세사리 안방 화장실 천정 공사 (w1400*d2200 기준)평돔 시공,개소,"  320,000 ",,
O,화장실공사,O02,도기시공,O02717,악세사리 거실 화장실 천정 공사 (w1600*d2800 기준)평돔 시공,개소,"  480,000 ",,
O,화장실공사,O02,도기시공,O02718,악세사리 거실 화장실 천정 공사 (w1400*d2200 기준)평돔 시공,개소,"  320,000 ",,
O,화장실공사,O02,도기시공,O02719,악세사리 그라데이션 코팅 샤워파티션 (600*1900)한샘,EA,"  182,900 ",,
O,화장실공사,O02,도기시공,O02720,악세사리 플레인 코팅 샤워파티션 (600*1900)한샘,EA,"  145,100 ",,
O,화장실공사,O02,도기시공,O02721,악세사리 플레인 투명 샤워파티션 (750*1900)한샘,EA,"  161,600 ",,
O,화장실공사,O02,도기시공,O02722,악세사리 브론즈 투명 샤워파티션(600*1900)한샘,EA,"  154,000 ",,
O,화장실공사,O02,도기시공,O02723,악세사리 브론즈 코팅 샤워파티션(750*1900)한샘,EA,"  254,140 ",,
O,화장실공사,O02,도기시공,O02724,악세사리 브론즈 코팅 샤워파티션(600*1900)한샘,EA,"  157,220 ",,
O,화장실공사,O02,도기시공,O02725,악세사리 그레이 코팅 샤워파티션(750*1900)한샘,EA,"  242,900 ",,
O,화장실공사,O02,도기시공,O02726,악세사리 그레이 투명 샤워파티션(600*1900)한샘,EA,"  160,800 ",,
O,화장실공사,O02,도기시공,O02727,악세사리 일반 샤워 파티션 시공제작,EA,"  400,000 ",,
O,화장실공사,O02,도기시공,O02728,악세사리 일반 샤워 파티션 시공제작,EA,"  300,000 ",,
O,화장실공사,O02,도기시공,O02729,악세사리 무프레임 샤워파티션제작,EA,"  600,000 ",,
O,화장실공사,O02,도기시공,O02730,악세사리 ㅡ자 샤워부스(무힌지)제작,개소,"  450,000 ",,
O,화장실공사,O02,도기시공,O02731,악세사리 ㅡ자 샤워부스(무힌지) // 브론즈유리제작,개소,"  550,000 ",,
O,화장실공사,O02,도기시공,O02732,악세사리 ㅡ자 샤워부스 고급형(천장높이)제작,개소,"  750,000 ",,
O,화장실공사,O02,도기시공,O02733,악세사리 슬라이딩 샤워부스제작,개소,"  600,000 ",,
O,화장실공사,O02,도기시공,O02734,악세사리 슬라이딩 샤워부스 // 프레임 로즈골드 발색제작,개소,"  800,000 ",,
O,화장실공사,O02,도기시공,O02735,악세사리 ㄱ자 샤워부스(단차 시공 유무 확인)제작,개소,"  650,000 ",,
O,화장실공사,O02,도기시공,O02736,악세사리 대리석 분리대(샤워 부스)/젠다이대리석제작,개소,"  200,000 ",,
O,화장실공사,O02,도기시공,O02737,악세사리 화장실 전기공사(전기배선/일반 환풍기/LED 매입등),개소,"  300,000 ",,
O,화장실공사,O02,도기시공,O02738,악세사리 화장실 전기공사(전기배선/휴젠뜨2.5/LED 매입등),개소,"  700,000 ",,
O,화장실공사,O02,도기시공,O02739,악세사리 기구 설치 인건비,인,"  360,000 ",,
O,화장실공사,O02,도기시공,O02799,악세사리 기타,, ,,
O,화장실공사,O02,도기시공,O02999,기타(1),, ,,
O,화장실공사,O99,기타도기시공,O99999,기타(2),, ,,
P,바닥공사,P01,마루시공,P01001,(난방 공사시) 메쉬 작업 // 마루 벌어짐 방지로스포함,PY,"  12,000 ",,
P,바닥공사,P01,마루시공,P01002,"바닥재 공사 (바흐7 원목마루)  240*2,200*14t // 친환경 본드포함로스포함",PY,"  483,400 ",,
P,바닥공사,P01,마루시공,P01003,바닥재 공사 (바흐3 원목마루)  125*910*10t // 친환경 본드포함로스포함,PY,"  454,900 ",,
P,바닥공사,P01,마루시공,P01004,바닥재 공사 (바흐3 원목마루)  125*910*10t // 친환경 본드포함로스포함,PY,"  330,400 ",,
P,바닥공사,P01,마루시공,P01005,바닥재 공사 (바흐3 원목마루)  125*910*10t // 친환경 본드포함로스포함,PY,"  297,100 ",,
P,바닥공사,P01,마루시공,P01006,"바닥재 공사 (마지오레 플랭크190 구 바흐5 원목마루)  
190*1,900*14t // 친환경 본드포함로스포함",PY,"  509,400 ",,
P,바닥공사,P01,마루시공,P01007,"바닥재 공사 (마지오레 플랭크190 구 바흐5 원목마루)  
190*1,900*14t // 친환경 본드포함로스포함",PY,"  417,000 ",,
P,바닥공사,P01,마루시공,P01008,"바닥재 공사 (디앤메종 텐우드)  165*1,200*10t // 친환경 본드포함로스포함",PY,"  218,300 ",,
P,바닥공사,P01,마루시공,P01009,"바닥재 공사 (디앤메종 텐우드)  165*1,200*10t // 친환경 본드포함로스포함",PY,"  203,200 ",,
P,바닥공사,P01,마루시공,P01010,바닥재 공사 (유로플러스 이노마루)  145*915*5t // 친환경 본드포함로스포함,PY,"  133,700 ",,
P,바닥공사,P01,마루시공,P01011,사용금지 바닥재 공사 (HD브러쉬)  97*905*.5.8t // 친환경 본드포함로스포함,PY,"  176,800 ",,
P,바닥공사,P01,마루시공,P01012,와이드 마블스퀘어 강마루 600*1205*8.5t // 친환경 본드포함로스포함,PY,"  201,900 ",,
P,바닥공사,P01,마루시공,P01013,마블스퀘어 강마루 398*800*7.5t // 친환경 본드포함로스포함,PY,"  181,600 ",,
P,바닥공사,P01,마루시공,P01014,마블스퀘어 강마루 398*800*7.5t // 친환경 본드포함로스포함,PY,"  177,800 ",,
P,바닥공사,P01,마루시공,P01015,"바닥재 공사 (밀란 프리미엄강마루7.5)  143*1,200*.7.5t // 친환경 본드포함로스포함",PY,"  174,900 ",,
P,바닥공사,P01,마루시공,P01016,"바닥재 공사 (밀란 프리미엄강마루7.5)  143*1,200*.7.5t // 친환경 본드포함로스포함",PY,"  185,000 ",,
P,바닥공사,P01,마루시공,P01017,바닥재 공사 (600 마블스퀘어 강마루) 600*600*7.8t // 친환경 본드포함로스포함,PY,"  205,900 ",,
P,바닥공사,P01,마루시공,P01018,바닥재 공사 바닥재 공사 (와이드 마블스퀘어 강마루) 600*1205*8.5t // 친환경 본드포함로스포함,PY,"  201,900 ",,
P,바닥공사,P01,마루시공,P01019,바닥재 공사 (마블스퀘어 강마루) 398*800*7.5t // 친환경 본드포함로스포함,PY,"  181,600 ",,
P,바닥공사,P01,마루시공,P01020,바닥재 공사 (마블스퀘어 강마루) 398*800*7.5t // 친환경 본드포함로스포함,PY,"  177,800 ",,
P,바닥공사,P01,마루시공,P01021,"바닥재 공사 (165 프리미엄강마루7.5)  165*1,205*.7.5t // 친환경 본드포함로스포함",PY,"  161,400 ",,
P,바닥공사,P01,마루시공,P01022,"바닥재 공사 (143 프리미엄강마루7.5)  143*1,200*.7.5t // 친환경 본드포함로스포함",PY,"  174,900 ",,
P,바닥공사,P01,마루시공,P01023,"바닥재 공사 (강마루와이드 7.5)  125*1,200*.7.5t // 친환경 본드포함로스포함",PY,"  171,700 ",,
P,바닥공사,P01,마루시공,P01024,"바닥재 공사 (강마루와이드 7.5)  125*1,200*.7.5t // 친환경 본드포함로스포함",PY,"  165,000 ",,
P,바닥공사,P01,마루시공,P01025,바닥재 공사 (강마루 헤링본 7.5)  95*475*.7.5t // 친환경 본드포함로스포함,PY,"  214,300 ",,
P,바닥공사,P01,마루시공,P01026,바닥재 공사 (강마루 7.5)  95*800*.7.5t // 친환경 본드포함로스포함,PY,"  144,000 ",,
P,바닥공사,P01,마루시공,P01027,바닥재 공사 (강마루 6.5)  95*800*.6.5t // 친환경 본드포함로스포함,PY,"  132,000 ",,
P,바닥공사,P01,마루시공,P01028,사용금지 바닥재 공사 (수퍼 HD강) 93*790*5.8t // 친환경 본드포함로스포함,PY,"  133,100 ",,
P,바닥공사,P01,마루시공,P01029,사용금지 바닥재 공사 (한샘강마루 6.0) 80*800*6.0t // 친환경 본드포함로스포함,PY,"  125,600 ",,
P,바닥공사,P01,마루시공,P01030,마루 시공 마루 걸레받이/마감재 시공로스포함,PY,"  11,000 ",,
P,바닥공사,P01,마루시공,P01999,기타(1),, ,,
P,바닥공사,P02,장판시공,P02001,장판시공 25평이상 한샘 휴 4.5t로스포함,PY,"  106,200 ",,
P,바닥공사,P02,장판시공,P02002,장판시공 25평이상 한샘 휴 3.5t로스포함,PY,"  95,400 ",,
P,바닥공사,P02,장판시공,P02003,장판시공 25평이상 한샘 휴 2.2t로스포함,PY,"  55,500 ",,
P,바닥공사,P02,장판시공,P02004,장판시공 25평이상 녹수 1.8t // 자재비+시공비로스포함,PY,"  56,000 ",,
P,바닥공사,P02,장판시공,P02005,장판시공 25평이상 녹수 2.0t // 자재비+시공비로스포함,PY,"  62,000 ",,
P,바닥공사,P02,장판시공,P02006,장판시공 25평이상 LG 뉴청맥 1.8t // 자재비+시공비로스포함,PY,"  62,000 ",,
P,바닥공사,P02,장판시공,P02007,장판시공 25평이상 LG 은행목 2.0t // 자재비+시공비로스포함,PY,"  69,000 ",,
P,바닥공사,P02,장판시공,P02008,장판시공 25평이상 LG 자연애 2.2t // 자재비+시공비로스포함,PY,"  77,000 ",,
P,바닥공사,P02,장판시공,P02009,장판시공 25평이상 LG 지아사랑애 2.7t // 자재비+시공비로스포함,PY,"  100,000 ",,
P,바닥공사,P02,장판시공,P02010,장판시공 25평이상 LG 지아사랑애 3.2t // 자재비+시공비로스포함,PY,"  114,000 ",,
P,바닥공사,P02,장판시공,P02011,장판시공 25평이상 LG 소리잠 4.5t // 자재비+시공비로스포함,PY,"  143,000 ",,
P,바닥공사,P02,장판시공,P02012,장판시공 25평이상 LG 엑스컴포트 5.0t // 자재비+시공비로스포함,PY,"  186,000 ",,
P,바닥공사,P02,장판시공,P02013,장판시공 25평이상 마루 걸레받이/마감재 시공로스포함,PY,"  11,000 ",,
P,바닥공사,P02,장판시공,P02099,장판 시공 25평 이상 기타,, ,,
P,바닥공사,P02,장판시공,P02101,장판시공 25평미만 녹수 1.8t // 자재비로스포함,PY,"  39,000 ",,
P,바닥공사,P02,장판시공,P02102,장판시공 25평미만 녹수 2.0t // 자재비로스포함,PY,"  45,000 ",,
P,바닥공사,P02,장판시공,P02103,장판시공 25평미만 LG 뉴청맥 1.8t // 자재비로스포함,PY,"  45,000 ",,
P,바닥공사,P02,장판시공,P02104,장판시공 25평미만 LG 은행목 2.0t // 자재비로스포함,PY,"  52,000 ",,
P,바닥공사,P02,장판시공,P02105,장판시공 25평미만 LG 자연애 2.2t // 자재비로스포함,PY,"  60,000 ",,
P,바닥공사,P02,장판시공,P02106,장판시공 25평미만 LG 지아사랑애 2.7t // 자재비로스포함,PY,"  83,000 ",,
P,바닥공사,P02,장판시공,P02107,장판시공 25평미만 LG 지아사랑애 3.2t // 자재비로스포함,PY,"  88,500 ",,
P,바닥공사,P02,장판시공,P02108,장판시공 25평미만 LG 지아사랑애 3.2t // 자재비로스포함,PY,"  99,000 ",,
P,바닥공사,P02,장판시공,P02109,장판시공 25평미만 LG 소리잠 4.5t // 자재비로스포함,PY,"  143,000 ",,
P,바닥공사,P02,장판시공,P02110,장판시공 25평미만 LG 엑스컴포트 5.0t // 자재비로스포함,PY,"  169,000 ",,
P,바닥공사,P02,장판시공,P02111,장판시공 25평미만 최소인건비,인,"  350,000 ",,
P,바닥공사,P02,장판시공,P02112,장판시공 25평미만 바닥 샌딩,식,"  270,000 ",,
P,바닥공사,P02,장판시공,P02113,장판시공 25평미만 마루 걸레받이/마감재 시공 자재비로스포함,PY,"  5,000 ",,
P,바닥공사,P02,장판시공,P02114,장판시공 25평미만 걸레받이 시공 인건비,인,"  330,000 ",,
P,바닥공사,P02,장판시공,P02199,장판시공 25평미만 기타,, ,,
P,바닥공사,P02,장판시공,P02201,데코타일 시공 25평 이상 동신 하우스(난방바닥용)_자재비+시공비로스포함,PY,"  79,000 ",,
P,바닥공사,P02,장판시공,P02202,데코타일 시공 25평 이상 LG 하우스(난방바닥용)_자재비+시공비로스포함,PY,"  90,000 ",,
P,바닥공사,P02,장판시공,P02203,"데코타일 시공 25평 이상 동신, 대진_자재비+시공비로스포함",PY,"  62,000 ",,
P,바닥공사,P02,장판시공,P02204,데코타일 시공 25평 이상 대진 600각_자재비+시공비로스포함,PY,"  69,000 ",,
P,바닥공사,P02,장판시공,P02205,데코타일 시공 25평 이상 LG 보타닉_자재비+시공비로스포함,PY,"  69,000 ",,
P,바닥공사,P02,장판시공,P02206,데코타일 시공 25평 이상 LG 에코노_자재비+시공비로스포함,PY,"  79,500 ",,
P,바닥공사,P02,장판시공,P02207,데코타일 시공 25평 이상 LG 디럭스마블_자재비+시공비로스포함,PY,"  62,000 ",,
P,바닥공사,P02,장판시공,P02299,데코타일 시공 25평 이상 기타,, ,,
P,바닥공사,P02,장판시공,P02301,데코타일 시공 25평 미만 동신 하우스(난방바닥용)_자재비로스포함,PY,"  62,000 ",,
P,바닥공사,P02,장판시공,P02302,데코타일 시공 25평 미만 LG 하우스(난방바닥용)_자재비로스포함,PY,"  73,000 ",,
P,바닥공사,P02,장판시공,P02303,"데코타일 시공 25평 미만 동신, 대진_자재비로스포함",PY,"  45,000 ",,
P,바닥공사,P02,장판시공,P02304,데코타일 시공 25평 미만 대진 600각_자재비로스포함,PY,"  52,000 ",,
P,바닥공사,P02,장판시공,P02305,데코타일 시공 25평 미만 LG 보타닉_자재비로스포함,PY,"  52,000 ",,
P,바닥공사,P02,장판시공,P02306,데코타일 시공 25평 미만 LG 에코노_자재비로스포함,PY,"  62,500 ",,
P,바닥공사,P02,장판시공,P02307,데코타일 시공 25평 미만 LG 디럭스마블_자재비로스포함,PY,"  45,000 ",,
P,바닥공사,P02,장판시공,P02308,데코타일 시공 25평 미만 인건비,,"  350,000 ",,
P,바닥공사,P02,장판시공,P02399,데코타일 시공 25평 미만 기타,, ,,
P,바닥공사,P02,장판시공,P02999,기타(1),, ,,
P,바닥공사,P99,기타장판시공,P99999,기타(2),, ,,
Q,도배공사,Q01,도배공사 25평 이상,Q01001,도배공사 25평 이상 실크벽지 _ 일반 실크 벽지 기준전용면적기준,PY,"  135,000 ",,
Q,도배공사,Q01,도배공사 25평 이상,Q01002,도배공사 25평 이상 실크벽지 _ LG 디아망전용면적기준,PY,"  160,000 ",,
Q,도배공사,Q01,도배공사 25평 이상,Q01003,도배공사 25평 이상 실크벽지 _ 마이너스 몰딩 시공시전용면적기준,PY,"  162,500 ",,
Q,도배공사,Q01,도배공사 25평 이상,Q01004,도배공사 25평 이상 실크벽지 _ 무몰딩 시공시전용면적기준,PY,"  182,000 ",,
Q,도배공사,Q01,도배공사 25평 이상,Q01005,도배공사 25평 이상 에덴 바이오 벽지(친환경 벽지)    /모델넘버에 따라 단가 차이 확인.전용면적기준,PY,"  189,000 ",,
Q,도배공사,Q01,도배공사 25평 이상,Q01006,도배공사 25평 이상 확장 범위 도배 시공(기존 확장개소 포함),개소,"  320,000 ",,
Q,도배공사,Q01,도배공사 25평 이상,Q01007,도배공사 25평 이상 합지 벽지전용면적기준,PY,"  71,500 ",,
Q,도배공사,Q01,도배공사 25평 이상,Q01008,도배공사 25평 이상 기초 작업(퍼티작업) // 필수전용면적기준,PY,"  15,500 ",,
Q,도배공사,Q01,도배공사 25평 이상,Q01999,기타(1),, ,,
Q,도배공사,Q02,도배공사 25평 미만,Q02001,도배공사 28평미만 실크벽지 자재비벽지평수 기준,PY,"  13,000 ",,
Q,도배공사,Q02,도배공사 25평 미만,Q02002,도배공사 28평미만 실크벽지 자재비벽지평수 기준,PY,"  16,000 ",,
Q,도배공사,Q02,도배공사 25평 미만,Q02003,도배공사 28평미만 실크벽지 자재비 // 디아망벽지평수 기준,PY,"  23,000 ",,
Q,도배공사,Q02,도배공사 25평 미만,Q02004,도배공사 28평미만 실크벽지 자재비 // 디아망벽지평수 기준,PY,"  27,000 ",,
Q,도배공사,Q02,도배공사 25평 미만,Q02005,도배공사 28평미만 실크벽지 부자재벽지평수 기준,PY,"  4,500 ",,
Q,도배공사,Q02,도배공사 25평 미만,Q02006,도배공사 28평미만 실크벽지 부자재벽지평수 기준,PY,"  5,500 ",,
Q,도배공사,Q02,도배공사 25평 미만,Q02007,도배공사 28평미만 실크 벽지 퍼티작업벽지평수 기준,PY,"  3,500 ",,
Q,도배공사,Q02,도배공사 25평 미만,Q02008,도배공사 28평미만 실크 벽지 퍼티작업벽지평수 기준,PY,"  4,500 ",,
Q,도배공사,Q02,도배공사 25평 미만,Q02009,도배공사 28평미만 실크 벽지 시공인건비,인,"  280,000 ",,
Q,도배공사,Q02,도배공사 25평 미만,Q02010,도배공사 28평미만 실크 벽지 시공인건비,인,"  270,000 ",,
Q,도배공사,Q02,도배공사 25평 미만,Q02099,도배공사 28평미만 실크 벽지 기타,, ,,
Q,도배공사,Q02,도배공사 25평 미만,Q02101,도배공사 28평미만  합지벽지 자재비벽지평수 기준,PY,"  6,500 ",,
Q,도배공사,Q02,도배공사 25평 미만,Q02102,도배공사 28평미만 합지벽지 부자재벽지평수 기준,PY,"  2,500 ",,
Q,도배공사,Q02,도배공사 25평 미만,Q02103,도배공사 28평미만 합지벽지 퍼티작업벽지평수 기준,PY,"  2,500 ",,
Q,도배공사,Q02,도배공사 25평 미만,Q02104,도배공사 28평미만 합지벽지 시공인건비,인,"  270,000 ",,
Q,도배공사,Q02,도배공사 25평 미만,Q02199,도배공사 28평미만 합지벽지 기타,, ,,
Q,도배공사,Q02,도배공사 25평 미만,Q02999,기타(1),, ,,
Q,도배공사,Q99,기타도배공사,Q99999,기타(2),, ,,
R,가구공사,R01,주방가구공사,R01001,주방 유로300 매트매그놀리아한샘,SET,"  6,130,000 ",,
R,가구공사,R01,주방가구공사,R01002,주방 밀란100 무드시리즈 / 인조대리석 / 한샘 올인원 쿡탑 포함한샘,SET,"  8,050,000 ",,
R,가구공사,R01,주방가구공사,R01003,주방 밀란100_ 무드화이트한샘,SET,"  4,450,000 ",,
R,가구공사,R01,주방가구공사,R01004,주방 베란다 하부장(매트화이트)한샘,SET,  - ,,
R,가구공사,R01,주방가구공사,R01005,주방 아일랜드 주방후드,식,"  770,000 ",,
R,가구공사,R01,주방가구공사,R01006,주방 자동소화장치 설치,식,"  380,000 ",,
R,가구공사,R01,주방가구공사,R01999,기타(1),,,,
R,가구공사,R02,거실가구공사,R02001,거실 복도 수납장한샘,자,"  145,000 ",,
R,가구공사,R02,거실가구공사,R02002,거실 베란다 수납장(매트화이트)협의,자,"  130,000 ",,
R,가구공사,R02,거실가구공사,R02003,거실 서재장한샘,SET,"  130,000 ",,
R,가구공사,R02,거실가구공사,R02999,기타(1),,,,
R,가구공사,R03,안방가구공사,R03001,안방 붙박이장(무드화이트) 한샘,SET,"  1,900,000 ",,
R,가구공사,R03,안방가구공사,R03999,기타(1),,,,
R,가구공사,R04,드레스룸가구공사,R04001,드레스룸 붙박이장_ 무드화이트한샘,SET,"  1,364,545 ",,
R,가구공사,R04,드레스룸가구공사,R04002,드레스룸 시스템장한샘,SET,"  564,545 ",,
R,가구공사,R04,드레스룸가구공사,R04999,기타(1),,,,
R,가구공사,R05,입구방가구공사,R05001,입구방 붙박이장 (무드화이트)한샘,SET,"  850,000 ",,
R,가구공사,R05,입구방가구공사,R05002,입구방 붙박이장_ 무드화이트한샘,SET,"  880,000 ",,
R,가구공사,R05,입구방가구공사,R05003,입구방 벽박이장 시공한샘,SET,"  450,000 ",,
R,가구공사,R05,입구방가구공사,R05004,입구방 붙박이장(매트화이트) 한샘,자,"  170,000 ",,
R,가구공사,R05,입구방가구공사,R05999,기타(1),,,,
R,가구공사,R06,보일러실가구공사,R06001,보일러실 공틀도어 시공 (w1100*h2300 기준)한샘,SET,"  300,000 ",,
R,가구공사,R06,보일러실가구공사,R06999,기타(1),,,,
R,가구공사,R07,베란다가구공사,R07001,베란다 공틀장 시공 (w1100*h2300 기준)한샘,SET,"  550,000 ",,
R,가구공사,R07,베란다가구공사,R07002,베란다 세탁기 상부장(매트화이트)협의,식,"  160,000 ",,
R,가구공사,R07,베란다가구공사,R07999,기타(1),,,,
R,가구공사,R08,현관가구공사,R08001,현관장 교체(무드화이트) 한샘,SET,"  1,100,000 ",,
R,가구공사,R08,현관가구공사,R08002,현관장_ 무드화이트 // 중앙오픈장_ 무드화이트한샘,SET,"  941,818 ",,
R,가구공사,R08,현관가구공사,R08003,현관장 교체(매트화이트) 한샘,SET,"  650,000 ",,
R,가구공사,R08,현관가구공사,R08999,기타(1),, ,,
R,가구공사,R99,기타가구공사,R99999,기타(2),,,,
S,데크공사,S01,합성목재데크공사,S01001,합성목재데크공사 합성목재(솔리드),㎡,"  56,500 ",,
S,데크공사,S01,합성목재데크공사,S01002,합성목재데크공사 아연도각관,㎡,"  23,250 ",,
S,데크공사,S01,합성목재데크공사,S01003,합성목재데크공사 연결클립 및 직결피스,㎡,"  8,100 ",,
S,데크공사,S01,합성목재데크공사,S01004,합성목재데크공사 세트앙카볼트,㎡,  320 ,,
S,데크공사,S01,합성목재데크공사,S01005,합성목재데크공사 녹막이작업,㎡,"  3,200 ",,
S,데크공사,S01,합성목재데크공사,S01006,합성목재데크공사 인건비,㎡,"  75,000 ",,
S,데크공사,S01,합성목재데크공사,S01007,합성목재데크공사 장비대(9층 이하 사다리차 기준),식,"  250,000 ",,
S,데크공사,S01,합성목재데크공사,S01999,기타(1),, ,,
S,데크공사,S99,기타합성목재데크공사,S99999,기타(2),,,,
Y,공사마감,Y01,공사마감,Y01002,현관 전신 거울 // 알유리 기준600*2300,set,"  210,000 ",,
Y,공사마감,Y01,공사마감,Y01003,대리석 테낙스 및 연마/광택 작업 (기본 최소 시공비 85만원),㎡,"  62,000 ",,
Y,공사마감,Y01,공사마감,Y01004,마감 실리콘 시공 (26평 미만 기준),식,"  400,000 ",,
Y,공사마감,Y01,공사마감,Y01005,바닥 줄눈 시공,㎡,"  90,000 ",,
Y,공사마감,Y01,공사마감,Y01006,욕실 전체 줄눈 시공 (벽+바닥),개소,"  470,000 ",,
Y,공사마감,Y01,공사마감,Y01007,현장 감리 인건비,식,"  870,000 ",,
Y,공사마감,Y01,공사마감,Y01008,"샌딩 작업 (바닥, 미장 최소 시공비)",식,"  450,000 ",,
Y,공사마감,Y01,공사마감,Y01009,삼성 기본형 무풍 시스템 A/C 교체3대 이하,대,"  2,100,000 ",,
Y,공사마감,Y01,공사마감,Y01010,삼성 기본형 무풍 시스템 A/C 교체4대 이상,대,"  1,950,000 ",,
Y,공사마감,Y01,공사마감,Y01011,삼성 인피니트 시스템 A/C 교체,대,"  2,500,000 ",,
Y,공사마감,Y01,공사마감,Y01012,LG 시스템 A/C 교체3대 이하,대,"  2,200,000 ",,
Y,공사마감,Y01,공사마감,Y01013,LG 시스템 A/C 교체4대 이상,대,"  2,050,000 ",,
Y,공사마감,Y01,공사마감,Y01014,스탠드 에어컨 배관 매입 작업 // 드레인 포함,개소,"  470,000 ",,
Y,공사마감,Y01,공사마감,Y01015,벽걸이 에어컨 배관 매입 작업,개소,"  470,000 ",,
Y,공사마감,Y01,공사마감,Y01016,벽걸이 에어컨 이전 설치,대,  - ,,
Y,공사마감,Y01,공사마감,Y01017,도어락 교체 (도어락 기종에 따라 견적 금액 협의) // 무선연동기 별도싱크,SET,"  300,000 ",,
Y,공사마감,Y01,공사마감,Y01018,도어락 교체 (도어락 기종에 따라 견적 금액 협의) // 무선연동기 별도싱크,SET,"  370,000 ",,
Y,공사마감,Y01,공사마감,Y01019,도어락 교체 (도어락 기종에 따라 견적 금액 협의) // 무선연동기 별도게이트맨,SET,"  500,000 ",,
Y,공사마감,Y01,공사마감,Y01020,인터폰 ,SET,"  70,000 ",,
Y,공사마감,Y01,공사마감,Y01021,인터폰 교체 (인터폰 기종에 따라 견적 금액 협의) // 목공비 포함,SET,"  370,000 ",,
Y,공사마감,Y01,공사마감,Y01022,인터폰 교체 (인터폰 기종에 따라 견적 금액 협의) // 목공비 포함,SET,"  330,000 ",,
Y,공사마감,Y01,공사마감,Y01023,방화문 보수,set,"  250,000 ",,
Y,공사마감,Y01,공사마감,Y01024,방화문 교체 // 기본 방화문,set,"  950,000 ",,
Y,공사마감,Y01,공사마감,Y01025,방화문 교체 // 중급 방화문,set,"  1,250,000 ",,
Y,공사마감,Y01,공사마감,Y01026,방화문 교체 // 고급 방화문,set,"  1,850,000 ",,
Y,공사마감,Y01,공사마감,Y01027,방화문 교체 // 비대칭 양개형 방화문,set,"  2,350,000 ",,
Y,공사마감,Y01,공사마감,Y01028,사다리차 사용(타일/가구/바닥재/자재 양중)  /9층 이하 기준,시간,"  180,000 ",,
Y,공사마감,Y01,공사마감,Y01029,공사중 폐기물 처리(공사 내용*기간에 따라 금액 변동)1 ton,회,"  420,000 ",,
Y,공사마감,Y01,공사마감,Y01030,준공 청소(전체 공사 기준)전용면적기준,PY,"  22,500 ",,
Y,공사마감,Y01,공사마감,Y01031,준공 청소(부분공사일 경우)전용면적기준,PY,"  26,000 ",,
Y,공사마감,Y01,공사마감,Y01032,준공 청소(15평 이하)전용면적기준,식,"  430,000 ",,
Y,공사마감,Y01,공사마감,Y01033,준공 청소(15평 초과 20평 이하)전용면적기준,식,"  500,000 ",,
Y,공사마감,Y01,공사마감,Y01034,준공 청소(15평 초과 20평 이하)전용면적기준,식,"  460,000 ",,
Y,공사마감,Y01,공사마감,Y01999,기타(1),, ,,
Y,공사마감,Y99,기타공사마감,Y99999,기타(2),, ,,
Z,경비,Z01,경비,Z01001,산재보험료,, ,,
Z,경비,Z01,경비,Z01002,고용보험료,, ,,
Z,경비,Z01,경비,Z01003,안전관리비,, ,,
Z,경비,Z01,경비,Z01999,기타(1),, ,,
Z,경비,Z99,기타경비,Z99999,기타(2),,,,